"Level","File","ICAO","STAR","Transition","Runway","Seq","Waypoint","DbAltRaw","DbSpdRaw","DbAlt","DbSpd","Distance","Heading","Details"
"1","Route1.asset","EDDV","ELNA2P","DL27R","27R","1","ELNAT","Details:","0","Details:","","6","20",""
"1","Route1.asset","EDDV","ELNA2P","DL27R","27R","2","NORTA","Details:","240","Details:","240 (MAX)","6","5",""
"1","Route1.asset","EDDV","ELNA2P","DL27R","27R","3","DLE-5","8000A9000B","0","8000A / 9000B (between)","","3","6",""
"1","Route1.asset","EDDV","ELNA2P","DL27R","27R","4","DV582","Details:","220","Details:","220 (MAX)","3","91",""
"1","Route1.asset","EDDV","ELNA2P","DL27R","27R","5","DV583","Details: C","0","Details: C","","3","91","C"
"1","Route1.asset","EDDV","ELNA2P","DL27R","27R","6","DV584","Details:","0","Details:","","3","91",""
"1","Route1.asset","EDDV","ELNA2P","DL27R","27R","7","DV585","Details:","200","Details:","200 (MAX)","3","91",""
"1","Route1.asset","EDDV","ELNA2P","DL27R","27R","8","DV575","Details:","0","Details:","","3","1",""
"1","Route1.asset","EDDV","ELNA2P","DL27R","27R","9","DV574","Details:","0","Details:","","3","271",""
"1","Route1.asset","EDDV","ELNA2P","DL27R","27R","10","DV573","Details:","190","Details:","190 (MAX)","3","271",""
"1","Route1.asset","EDDV","ELNA2P","DL27R","27R","11","DV572","Details:","0","Details:","","3","271",""
"1","Route1.asset","EDDV","ELNA2P","DL27R","27R","12","XAVER","3000","179","3000 (at)","179 (MAX)","3","276",""
"1","Route1.asset","EDDV","ELNA2P","DL27R","27R","13","HANB","1440","173","1440 (at)","173 (MAX)","3","271",""
"1","Route1.asset","EDDV","ELNA2P","DL27R","27R","14","RW27R","219","0","219 (at)","","3","271",""
"2","Route 2.asset","EDDV","HLZ4R","CE09L","09L","1","HLZ","Details:","0","Details:","","9","267",""
"2","Route 2.asset","EDDV","HLZ4R","CE09L","09L","2","CELNB","11000B","0","11000B (at or below)","","31.1","294",""
"2","Route 2.asset","EDDV","HLZ4R","CE09L","09L","3","DV460","Details:","220","Details:","220 (MAX)","17.5","260",""
"2","Route 2.asset","EDDV","HLZ4R","CE09L","09L","4","DV461","Details:","0","Details:","","4","271",""
"2","Route 2.asset","EDDV","HLZ4R","CE09L","09L","5","DV462","Details:","0","Details:","","4","271",""
"2","Route 2.asset","EDDV","HLZ4R","CE09L","09L","6","DV463","Details:","0","Details:","","4","271",""
"2","Route 2.asset","EDDV","HLZ4R","CE09L","09L","7","DV464","Details:","0","Details:","","4","271",""
"2","Route 2.asset","EDDV","HLZ4R","CE09L","09L","8","DV465","Details:","0","Details:","","4","271",""
"2","Route 2.asset","EDDV","HLZ4R","CE09L","09L","9","DV475","Details:","0","Details:","","5","181",""
"2","Route 2.asset","EDDV","HLZ4R","CE09L","09L","10","DV474","Details:","0","Details:","","4","91",""
"2","Route 2.asset","EDDV","HLZ4R","CE09L","09L","11","DV473","Details:","0","Details:","","4","91",""
"2","Route 2.asset","EDDV","HLZ4R","CE09L","09L","12","DV472","Details:","0","Details:","","4","91",""
"2","Route 2.asset","EDDV","HLZ4R","CE09L","09L","13","DESIM","3000","0","3000 (at)","","3.1","84",""
"2","Route 2.asset","EDDV","HLZ4R","CE09L","09L","14","HWNB","1460","0","1460 (at)","","4.8","93",""
"2","Route 2.asset","EDDV","HLZ4R","CE09L","09L","15","RW09L","219","0","219 (at)","","4","89",""
"3","Route 3.asset","LFPG","DINA4E","LOR1H","08L","1","DINAN ","Details:","0","Details:","","9","180",""
"3","Route 3.asset","LFPG","DINA4E","LOR1H","08L","2","CRL80 ","24000","280","24000 (at)","280 (MAX)","35.3","254",""
"3","Route 3.asset","LFPG","DINA4E","LOR1H","08L","3","ZERAM ","18000","0","18000 (at)","","15.7","254",""
"3","Route 3.asset","LFPG","DINA4E","LOR1H","08L","4","ANARU ","Details:","0","Details:","","12.8","252",""
"3","Route 3.asset","LFPG","DINA4E","LOR1H","08L","5","DIVEM ","14000","0","14000 (at)","","9.4","252",""
"3","Route 3.asset","LFPG","DINA4E","LOR1H","08L","6","LORTA ","14000","0","14000 (at)","","12.2","252",""
"3","Route 3.asset","LFPG","DINA4E","LOR1H","08L","7","BUNOR ","11000A","0","11000A (at or above)","","29.3","242",""
"3","Route 3.asset","LFPG","DINA4E","LOR1H","08L","8","PG529 ","6000A","0","6000A (at or above)","","13.3","269",""
"3","Route 3.asset","LFPG","DINA4E","LOR1H","08L","9","PG530  ","Details:","230","Details:","230 (MAX)","6","231",""
"3","Route 3.asset","LFPG","DINA4E","LOR1H","08L","10","PG532 ","Details:","0","Details:","","8.4","176",""
"3","Route 3.asset","LFPG","DINA4E","LOR1H","08L","11","CI08L ","4000","0","4000 (at)","","5.5","84",""
"3","Route 3.asset","LFPG","DINA4E","LOR1H","08L","12","OM08L ","1840","0","1840 (at)","","6.5","86",""
"3","Route 3.asset","LFPG","DINA4E","LOR1H","08L","13","RW08L ","388","0","388 (at)","","4.6","86",""
"4","Route 4.asset","LFPG","SABLO4W","BALOD","26L","1","SABLE ","Details:","0","Details:","","9","31",""
"4","Route 4.asset","LFPG","SABLO4W","BALOD","26L","2","LUMAN","24000","280","24000 (at)","280 (MAX)","27.2","80",""
"4","Route 4.asset","LFPG","SABLO4W","BALOD","26L","3","ROMLO","Details:","0","Details:","","29.7","36",""
"4","Route 4.asset","LFPG","SABLO4W","BALOD","26L","4","BALOD","14000","250","14000 (at)","250 (MAX)","29.4","63",""
"4","Route 4.asset","LFPG","SABLO4W","BALOD","26L","5","CR43A","14000","0","14000 (at)","","14.5","45",""
"4","Route 4.asset","LFPG","SABLO4W","BALOD","26L","6","DOMUS","Details:","220","Details:","220 (MAX)","12","45",""
"4","Route 4.asset","LFPG","SABLO4W","BALOD","26L","7","PG517","13000","0","13000 (at)","","10.1","86",""
"4","Route 4.asset","LFPG","SABLO4W","BALOD","26L","8","PG514","12000A","0","12000A (at or above)","","3.2","86",""
"4","Route 4.asset","LFPG","SABLO4W","BALOD","26L","9","PG515","Details:","0","Details:","","6.3","86",""
"4","Route 4.asset","LFPG","SABLO4W","BALOD","26L","10","PG516","Details:","0","Details:","","8","90",""
"4","Route 4.asset","LFPG","SABLO4W","BALOD","26L","11","VECTOR","Details:","0","Details:","","7.7","90",""
"4","Route 4.asset","LFPG","SABLO4W","BALOD","26L","12","CI26L","3000","0","3000 (at)","","2.3","48",""
"4","Route 4.asset","LFPG","SABLO4W","BALOD","26L","13","FI26L","2260","0","2260 (at)","","5.9","266",""
"4","Route 4.asset","LFPG","SABLO4W","BALOD","26L","14","RW26L ","366","0","366 (at)","","9.1","266",""
"5","Route 5.asset","EHAM","REDF1A","SUGOL","06","1","REDFA","23000B","280","23000B (at or below)","280 (MAX)","9","5",""
"5","Route 5.asset","EHAM","REDF1A","SUGOL","06","2","SULUT","Details:","0","Details:","","39.7","60",""
"5","Route 5.asset","EHAM","REDF1A","SUGOL","06","3","SUGOL","7000 10000","250","7000 / 10000 (window, missing A/B)","250 (MAX)","20.5","77",""
"5","Route 5.asset","EHAM","REDF1A","SUGOL","06","4","D2930","Details:","0","Details:","","15.9","112",""
"5","Route 5.asset","EHAM","REDF1A","SUGOL","06","5","SPL","7000A","0","7000A (at or above)","","15","112",""
"5","Route 5.asset","EHAM","REDF1A","SUGOL","06","6","CHNB","3000A","0","3000A (at or above)","","9.7","227",""
"5","Route 5.asset","EHAM","REDF1A","SUGOL","06","7","CHNB-4","Details:","0","Details:","","4","186",""
"5","Route 5.asset","EHAM","REDF1A","SUGOL","06","8","CHNB","2000A","0","2000A (at or above)","","10.6","46",""
"5","Route 5.asset","EHAM","REDF1A","SUGOL","06","9","EH609","2000","0","2000 (at)","","1.6","60",""
"5","Route 5.asset","EHAM","REDF1A","SUGOL","06","10","EH616","1310","0","1310 (at)","","2.1","58",""
"5","Route 5.asset","EHAM","REDF1A","SUGOL","06","11","RW06","49","0","49 (at)","","4.1","58",""
"6","Route 6.asset","EHAM","PESE2A","RIVER","18R","1","PESER","7000B","280","7000B (at or below)","280 (MAX)","9","366",""
"6","Route 6.asset","EHAM","PESE2A","RIVER","18R","2","STDNB ","11000B","0","11000B (at or below)","","13","306",""
"6","Route 6.asset","EHAM","PESE2A","RIVER","18R","3","RIVER ","Details:","250","Details:","250 (MAX)","11.1","339",""
"6","Route 6.asset","EHAM","PESE2A","RIVER","18R","4","D2230 ","Details:","220","Details:","220 (MAX)","18.9","42",""
"6","Route 6.asset","EHAM","PESE2A","RIVER","18R","5","SPL ","7000A","0","7000A (at or above)","","15","42",""
"6","Route 6.asset","EHAM","PESE2A","RIVER","18R","6","EH644 ","3000A","0","3000A (at or above)","","12.1","339",""
"6","Route 6.asset","EHAM","PESE2A","RIVER","18R","7","INTC ","Details:","0","Details:","","3.7","139",""
"6","Route 6.asset","EHAM","PESE2A","RIVER","18R","8","EH621 ","2000","0","2000 (at)","","3.7","184",""
"6","Route 6.asset","EHAM","PESE2A","RIVER","18R","9","EH622 ","1310","0","1310 (at)","","2.2","183",""
"6","Route 6.asset","EHAM","PESE2A","RIVER","18R","10","RW18R ","49","0","49 (at)","","4.1","183",""
"7","Route 7.asset","EGLL","BNN1B","BNN","09L","1","NUGRA","Details:","0","Details:","","9","118",""
"7","Route 7.asset","EGLL","BNN1B","BNN","09L","2","TOBID","Details:","0","Details:","","57.5","151",""
"7","Route 7.asset","EGLL","BNN1B","BNN","09L","3","SOPIT","Details:","0","Details:","","20.4","142",""
"7","Route 7.asset","EGLL","BNN1B","BNN","09L","4","WCONB ","Details:","0","Details:","","8.3","142",""
"7","Route 7.asset","EGLL","BNN1B","BNN","09L","5","BNN","Details:","0","Details:","","17.1","118",""
"7","Route 7.asset","EGLL","BNN1B","BNN","09L","6","BNN05","Details:","0","Details:","","5","179",""
"7","Route 7.asset","EGLL","BNN1B","BNN","09L","7","LAM30","Details:","0","Details:","","5.3","255",""
"7","Route 7.asset","EGLL","BNN1B","BNN","09L","8","LAM34 ","Details:","0","Details:","","4","267",""
"7","Route 7.asset","EGLL","BNN1B","BNN","09L","9","GWC39 ","Details:","0","Details:","","6.7","178",""
"7","Route 7.asset","EGLL","BNN1B","BNN","09L","10","IAA10 ","Details:","0","Details:","","2.1","170",""
"7","Route 7.asset","EGLL","BNN1B","BNN","09L","11","CF09L ","Details:","0","Details:","","2.5","92",""
"7","Route 7.asset","EGLL","BNN1B","BNN","09L","12","FF09L ","Details:","0","Details:","","3.5","92",""
"7","Route 7.asset","EGLL","BNN1B","BNN","09L","13","RW09L ","Details:","0","Details:","","4.1","92",""
"8","Route 8.asset","EGLL","OCK1A","Runway: 27L","27L","1","KENET","140007000","0","140007000 (concatenated, missing A/B)","","9","167",""
"8","Route 8.asset","EGLL","OCK1A","Runway: 27L","27L","2","D291L","Details:","250","Details:","250 (MAX)","28","111",""
"8","Route 8.asset","EGLL","OCK1A","Runway: 27L","27L","3","OCK","Details:","220","Details:","220 (MAX)","11.9","111",""
"8","Route 8.asset","EGLL","OCK1A","Runway: 27L","27L","4","OCK07","7000A","220","7000A (at or above)","220 (MAX)","7","76",""
"8","Route 8.asset","EGLL","OCK1A","Runway: 27L","27L","5","OC11A","6000A","0","6000A (at or above)","","4","76",""
"8","Route 8.asset","EGLL","OCK1A","Runway: 27L","27L","6","OC12B","Details:","0","Details:","","1","76",""
"8","Route 8.asset","EGLL","OCK1A","Runway: 27L","27L","7","INTC","Details:","0","Details:","","3.3","360",""
"8","Route 8.asset","EGLL","OCK1A","Runway: 27L","27L","8","ILL10","3000","0","3000 (at)","","3.9","330",""
"8","Route 8.asset","EGLL","OCK1A","Runway: 27L","27L","9","CF27L","2500","0","2500 (at)","","2.5","270",""
"8","Route 8.asset","EGLL","OCK1A","Runway: 27L","27L","10","FF27L","1400","0","1400 (at)","","3.5","270",""
"8","Route 8.asset","EGLL","OCK1A","Runway: 27L","27L","11","RW27L","127","0","127 (at)","","5.5","272",""
"9","Route 9.asset","EKCH","ALM3M","KAS","04L","1","ALM","Details:","0","Details:","","9","263",""
"9","Route 9.asset","EKCH","ALM3M","KAS","04L","2","REPRO","Details:","250","Details:","250 (MAX)","15.5","261",""
"9","Route 9.asset","EKCH","ALM3M","KAS","04L","3","CH552","5000A","220","5000A (at or above)","220 (MAX)","5.1","261",""
"9","Route 9.asset","EKCH","ALM3M","KAS","04L","4","CH551","4000A","220","4000A (at or above)","220 (MAX)","15.7","261",""
"9","Route 9.asset","EKCH","ALM3M","KAS","04L","5","CH441","Details:","0","Details:","","7","309",""
"9","Route 9.asset","EKCH","ALM3M","KAS","04L","6","CI04L","3000","0","3000 (at)","","4.4","39",""
"9","Route 9.asset","EKCH","ALM3M","KAS","04L","7","FI04L","1600","0","1600 (at)","","4.3","38",""
"9","Route 9.asset","EKCH","ALM3M","KAS","04L","8","RW04L","63","0","63 (at)","","4.9","38",""
"10","Route 10.asset","EKCH","CDA3N","KAS","22L","1","CDA","Details:","0","Details:","","9","64",""
"10","Route 10.asset","EKCH","CDA3N","KAS","22L","2","KUTAX","Details:","0","Details:","","14.5","19",""
"10","Route 10.asset","EKCH","CDA3N","KAS","22L","3","CH993","Details:","0","Details:","","15.7","19",""
"10","Route 10.asset","EKCH","CDA3N","KAS","22L","4","CH992","Details:","0","Details:","","6.6","19",""
"10","Route 10.asset","EKCH","CDA3N","KAS","22L","5","CH991","5000A","0","5000A (at or above)","","12.3","39",""
"10","Route 10.asset","EKCH","CDA3N","KAS","22L","6","CH881","Details:","0","Details:","","5.3","328",""
"10","Route 10.asset","EKCH","CDA3N","KAS","22L","7","LAMOX","3000A","0","3000A (at or above)","","3.8","219",""
"10","Route 10.asset","EKCH","CDA3N","KAS","22L","8","93DME","3000","0","3000 (at)","","0.9","219",""
"10","Route 10.asset","EKCH","CDA3N","KAS","22L","9","FI22L ","1600","0","1600 (at)","","4.6","219",""
"10","Route 10.asset","EKCH","CDA3N","KAS","22L","10","RW22L ","58","0","58 (at)","","4.9","219",""
"11","Route 11.asset","LIRF","LAT3A","ROM","16C","1","LAT","Details:","0","Details:","","9","344",""
"11","Route 11.asset","LIRF","LAT3A","ROM","16C","2","ROM","Details:","0","Details:","","21.6","315",""
"11","Route 11.asset","LIRF","LAT3A","ROM","16C","3","INTC","Details:","0","Details:","","19.7","315",""
"11","Route 11.asset","LIRF","LAT3A","ROM","16C","4","MIKSO","2500A","0","2500A (at or above)","","4.6","252",""
"11","Route 11.asset","LIRF","LAT3A","ROM","16C","5","CI16C","2500","0","2500 (at)","","3.3","162",""
"11","Route 11.asset","LIRF","LAT3A","ROM","16C","6","FI16C","1340","0","1340 (at)","","4","161",""
"11","Route 11.asset","LIRF","LAT3A","ROM","16C","7","RW16C","58","0","58 (at)","","4.5","161",""
"12","Route 12.asset","LIRF","ELKA3A","TAQ","25","1","ELKAP","Details:","0","Details:","","9","154",""
"12","Route 12.asset","LIRF","ELKA3A","TAQ","25","2","BIBEK","Details:","0","Details:","","31.7","120",""
"12","Route 12.asset","LIRF","ELKA3A","TAQ","25","3","TAQ","Details:","0","Details:","","25.3","120",""
"12","Route 12.asset","LIRF","ELKA3A","TAQ","25","4","CMP","Details:","0","Details:","","29.4","99",""
"12","Route 12.asset","LIRF","ELKA3A","TAQ","25","5","URBNB","Details:","0","Details:","","11.8","154",""
"12","Route 12.asset","LIRF","ELKA3A","TAQ","25","6","INTC","Details:","0","Details:","","4.2","154",""
"12","Route 12.asset","LIRF","ELKA3A","TAQ","25","7","CF25","3000","0","3000 (at)","","0.9","248",""
"12","Route 12.asset","LIRF","ELKA3A","TAQ","25","8","FF25","3000","0","3000 (at)","","2","248",""
"12","Route 12.asset","LIRF","ELKA3A","TAQ","25","9","RW25","55","0","55 (at)","","9.6","248",""
"13","Route 13.asset","LSZH","NEGR1A","AMIKI","14","1","NEGRA","Details:","0","Details:","","9","133",""
"13","Route 13.asset","LSZH","NEGR1A","AMIKI","14","2","MATIV","Details:","0","Details:","","12.3","229",""
"13","Route 13.asset","LSZH","NEGR1A","AMIKI","14","3","AMIKI","Details:","0","Details:","","6.4","158",""
"13","Route 13.asset","LSZH","NEGR1A","AMIKI","14","4","ZUE","7000A","0","7000A (at or above)","","9","176",""
"13","Route 13.asset","LSZH","NEGR1A","AMIKI","14","5","ZH701","6000A","0","6000A (at or above)","","6.5","190",""
"13","Route 13.asset","LSZH","NEGR1A","AMIKI","14","6","TRA","5000A","0","5000A (at or above)","","10","290",""
"13","Route 13.asset","LSZH","NEGR1A","AMIKI","14","7","INTC","Details:","0","Details:","","5.6","227",""
"13","Route 13.asset","LSZH","NEGR1A","AMIKI","14","8","CF14","4000","0","4000 (at)","","2.8","136",""
"13","Route 13.asset","LSZH","NEGR1A","AMIKI","14","9","OSNEM","4000","0","4000 (at)","","2","136",""
"13","Route 13.asset","LSZH","NEGR1A","AMIKI","14","10","RW14","1452","0","1452 (at)","","8.1","136",""
"14","Route 14.asset","LSZH","BLM2G","GIPOL","34","1","BLM","2000B","0","2000B (at or below)","","9","159",""
"14","Route 14.asset","LSZH","BLM2G","GIPOL","34","2","ZH677","12000A","0","12000A (at or above)","","10.2","108",""
"14","Route 14.asset","LSZH","BLM2G","GIPOL","34","3","GIPOL","7000A","0","7000A (at or above)","","13","108",""
"14","Route 14.asset","LSZH","BLM2G","GIPOL","34","4","KLO","6000A","0","6000A (at or above)","","20.7","97",""
"14","Route 14.asset","LSZH","BLM2G","GIPOL","34","5","ZH726","6000","0","6000 (at)","","16","141",""
"14","Route 14.asset","LSZH","BLM2G","GIPOL","34","6","UTIXO","5000","0","5000 (at)","","8.3","320",""
"14","Route 14.asset","LSZH","BLM2G","GIPOL","34","7","MILNI","1458","0","1458 (at)","","2.9","334",""
"14","Route 14.asset","LSZH","BLM2G","GIPOL","34","8","RW24","Details:","0","Details:","","10.2","334",""
"15","Route 15.asset","LEBL","VERDB","VIBIM","02","1","VERSO","Details:","0","Details:","","9","200",""
"15","Route 15.asset","LEBL","VERDB","VIBIM","02","2","BL038","Details:","0","Details:","","30.6","263",""
"15","Route 15.asset","LEBL","VERDB","VIBIM","02","3","BL012","Details:","0","Details:","","33.4","263",""
"15","Route 15.asset","LEBL","VERDB","VIBIM","02","4","VIBIM","4000C7000","0","4000 / 7000 (C used instead of A/B)","","7.6","297",""
"15","Route 15.asset","LEBL","VERDB","VIBIM","02","5","INTC","Details:","0","Details:","","4.5","259",""
"15","Route 15.asset","LEBL","VERDB","VIBIM","02","6","SANIS","2000","0","2000 (at)","","5.7","304",""
"15","Route 15.asset","LEBL","VERDB","VIBIM","02","7","DM06A","2000","0","2000 (at)","","5.3","19",""
"15","Route 15.asset","LEBL","VERDB","VIBIM","02","8","RW02","57","0","57 (at)","","6.1","19",""
"16","Route 16.asset","LEBL","BIS2DD","LESBA","25R","1","BISBA","Details:","0","Details:","","9","209",""
"16","Route 16.asset","LEBL","BIS2DD","LESBA","25R","2","BGR","Details:","0","Details:","","20.4","246",""
"16","Route 16.asset","LEBL","BIS2DD","LESBA","25R","3","BL045","Details:","0","Details:","","19.4","205",""
"16","Route 16.asset","LEBL","BIS2DD","LESBA","25R","4","XAMUR","Details:","0","Details:","","16.6","205",""
"16","Route 16.asset","LEBL","BIS2DD","LESBA","25R","5","D0970","Details:","0","Details:","","10.5","205",""
"16","Route 16.asset","LEBL","BIS2DD","LESBA","25R","6","LESBA","4000A","0","4000A (at or above)","","5.1","278",""
"16","Route 16.asset","LEBL","BIS2DD","LESBA","25R","7","SLL-16","Details:","0","Details:","","13.5","302",""
"16","Route 16.asset","LEBL","BIS2DD","LESBA","25R","8","TEBLA","2300A","0","2300A (at or above)","","4.3","271",""
"16","Route 16.asset","LEBL","BIS2DD","LESBA","25R","9","CI25R","2300","0","2300 (at)","","4.1","246",""
"16","Route 16.asset","LEBL","BIS2DD","LESBA","25R","10","FU25R","1351","0","1351 (at)","","2.9","246",""
"16","Route 16.asset","LEBL","BIS2DD","LESBA","25R","11","RW25R","60","0","60 (at)","","4.1","246",""
"17","Route 17.asset","EBBR","ARVO2A","KERKY","02","1","ARVOL","Details:","250","Details:","250 (MAX)","9","53",""
"17","Route 17.asset","EBBR","ARVO2A","KERKY","02","2","AKOVI","Details:","0","Details:","","14.7","35",""
"17","Route 17.asset","EBBR","ARVO2A","KERKY","02","3","RODRI","Details:","0","Details:","","9.5","35",""
"17","Route 17.asset","EBBR","ARVO2A","KERKY","02","4","KERKY","Details:","0","Details:","","5.8","59",""
"17","Route 17.asset","EBBR","ARVO2A","KERKY","02","5","AFI","Details:","0","Details:","","5.7","102",""
"17","Route 17.asset","EBBR","ARVO2A","KERKY","02","6","AFI-12","Details:","0","Details:","","12","167",""
"17","Route 17.asset","EBBR","ARVO2A","KERKY","02","7","NIVOR","2000A","0","2000A (at or above)","","3.2","90",""
"17","Route 17.asset","EBBR","ARVO2A","KERKY","02","8","HUL-11","Details:","0","Details:","","2.7","77",""
"17","Route 17.asset","EBBR","ARVO2A","KERKY","02","9","CF02","2000","0","2000 (at)","","7.3","26",""
"17","Route 17.asset","EBBR","ARVO2A","KERKY","02","10","OM02","1430","0","1430 (at)","","1.7","14",""
"17","Route 17.asset","EBBR","ARVO2A","KERKY","02","11","RW02","233","0","233 (at)","","3.8","15",""
"18","Route 18.asset","EBBR","TULN3B","FLO","25R","1","TULNI","Details:","250","Details:","250 (MAX)","9","54",""
"18","Route 18.asset","EBBR","TULN3B","FLO","25R","2","CIV","Details:","0","Details:","","21","88",""
"18","Route 18.asset","EBBR","TULN3B","FLO","25R","3","HUL","Details:","0","Details:","","32.5","71",""
"18","Route 18.asset","EBBR","TULN3B","FLO","25R","4","FLO","Details:","0","Details:","","20.2","68",""
"18","Route 18.asset","EBBR","TULN3B","FLO","25R","5","FLO-10","2000A","0","2000A (at or above)","","10","310",""
"18","Route 18.asset","EBBR","TULN3B","FLO","25R","6","INTC","Details:","0","Details:","","4.7","276",""
"18","Route 18.asset","EBBR","TULN3B","FLO","25R","7","CF25R","2000","0","2000 (at)","","7.1","246",""
"18","Route 18.asset","EBBR","TULN3B","FLO","25R","8","OM25R","1400","0","1400 (at)","","1.9","245",""
"18","Route 18.asset","EBBR","TULN3B","FLO","25R","9","RW25R","160","0","160 (at)","","4","245",""
"19","Route 19.asset","LOWW","GIGOW1W","PES2K","11","1","GIGOR","16000B","250","16000B (at or below)","250 (MAX)","9","232",""
"19","Route 19.asset","LOWW","GIGOW1W","PES2K","11","2","PESAT","6000A","0","6000A (at or above)","","25.3","261",""
"19","Route 19.asset","LOWW","GIGOW1W","PES2K","11","3","WW841","6000A","0","6000A (at or above)","","14.4","321",""
"19","Route 19.asset","LOWW","GIGOW1W","PES2K","11","4","WW843","6000A","0","6000A (at or above)","","15","293",""
"19","Route 19.asset","LOWW","GIGOW1W","PES2K","11","5","WW844","5000A","0","5000A (at or above)","","11.9","298",""
"19","Route 19.asset","LOWW","GIGOW1W","PES2K","11","6","WW845","5000A","0","5000A (at or above)","","5","293",""
"19","Route 19.asset","LOWW","GIGOW1W","PES2K","11","7","WW846","5000A","0","5000A (at or above)","","10","293",""
"19","Route 19.asset","LOWW","GIGOW1W","PES2K","11","8","WW813","5000A","0","5000A (at or above)","","5","23",""
"19","Route 19.asset","LOWW","GIGOW1W","PES2K","11","9","WW812","5000A","0","5000A (at or above)","","5","113",""
"19","Route 19.asset","LOWW","GIGOW1W","PES2K","11","10","WW811","5000A","0","5000A (at or above)","","5","113",""
"19","Route 19.asset","LOWW","GIGOW1W","PES2K","11","11","WW919","3400A","0","3400A (at or above)","","4.8","113",""
"19","Route 19.asset","LOWW","GIGOW1W","PES2K","11","12","CI11X","3400","0","3400 (at)","","1.9","114",""
"19","Route 19.asset","LOWW","GIGOW1W","PES2K","11","13","36DME","1765","0","1765 (at)","","4.8","113",""
"19","Route 19.asset","LOWW","GIGOW1W","PES2K","11","14","RW11","624","0","624 (at)","","3.5","113",""
"20","Route 20.asset","LOWW","LANU5W","NER2V","34","1","LANUX","15000B","0","15000B (at or below)","","9","136",""
"20","Route 20.asset","LOWW","LANU5W","NER2V","34","2","NERDU","6000A","0","6000A (at or above)","","25","139",""
"20","Route 20.asset","LOWW","LANU5W","NER2V","34","3","WW925","6000A","0","6000A (at or above)","","20.8","111",""
"20","Route 20.asset","LOWW","LANU5W","NER2V","34","4","WW926","6000A","0","6000A (at or above)","","15.3","136",""
"20","Route 20.asset","LOWW","LANU5W","NER2V","34","5","WW927","4000A","0","4000A (at or above)","","16.6","178",""
"20","Route 20.asset","LOWW","LANU5W","NER2V","34","6","WW924","4000A","0","4000A (at or above)","","8","25",""
"20","Route 20.asset","LOWW","LANU5W","NER2V","34","7","WW834","3000A","0","3000A (at or above)","","8","341",""
"20","Route 20.asset","LOWW","LANU5W","NER2V","34","8","CI34","3000","0","3000 (at)","","2.8","342",""
"20","Route 20.asset","LOWW","LANU5W","NER2V","34","9","OM34","2004","0","2004 (at)","","2.9","341",""
"20","Route 20.asset","LOWW","LANU5W","NER2V","34","10","RW34","647","0","647 (at)","","4.3","341",""
"21","Route 21.asset","LTFJ","GELG1G","ASDEV","06","1","GELBU","Details:","0","Details:","","9","128",""
"21","Route 21.asset","LTFJ","GELG1G","ASDEV","06","2","TURKO","Details:","0","Details:","","26.5","126",""
"21","Route 21.asset","LTFJ","GELG1G","ASDEV","06","3","FJ510","Details:","0","Details:","","23.4","79",""
"21","Route 21.asset","LTFJ","GELG1G","ASDEV","06","4","FJ511","Details:","0","Details:","","33.1","89",""
"21","Route 21.asset","LTFJ","GELG1G","ASDEV","06","5","FJ512","Details:","0","Details:","","10.9","149",""
"21","Route 21.asset","LTFJ","GELG1G","ASDEV","06","6","FJ513","Details:","0","Details:","","15.4","59",""
"21","Route 21.asset","LTFJ","GELG1G","ASDEV","06","7","BUKED","Details:","0","Details:","","5","60",""
"21","Route 21.asset","LTFJ","GELG1G","ASDEV","06","8","FJ515","Details:","0","Details:","","7.6","60",""
"21","Route 21.asset","LTFJ","GELG1G","ASDEV","06","9","FJ516","Details:","0","Details:","","8","330",""
"21","Route 21.asset","LTFJ","GELG1G","ASDEV","06","10","FJ517","Details:","0","Details:","","7.6","240",""
"21","Route 21.asset","LTFJ","GELG1G","ASDEV","06","11","FJ518","Details:","0","Details:","","5","240",""
"21","Route 21.asset","LTFJ","GELG1G","ASDEV","06","12","FJ519","Details:","0","Details:","","3","239",""
"21","Route 21.asset","LTFJ","GELG1G","ASDEV","06","13","DISC","Details:","0","Details:","","4","0",""
"21","Route 21.asset","LTFJ","GELG1G","ASDEV","06","14","ASDEV","Details:","0","Details:","","0","59",""
"21","Route 21.asset","LTFJ","GELG1G","ASDEV","06","15","CI06","Details:","0","Details:","","1.6","59",""
"21","Route 21.asset","LTFJ","GELG1G","ASDEV","06","16","FI06","Details:","0","Details:","","3","59",""
"21","Route 21.asset","LTFJ","GELG1G","ASDEV","06","17","RW06","Details:","0","Details:","","4.2","60",""
"22","Route 22.asset","LTFJ","TETS1H","BEMKA","24","1","TETSA","Details:","0","Details:","","9","122",""
"22","Route 22.asset","LTFJ","TETS1H","BEMKA","24","2","PABDO","14000","250","14000 (at)","250 (MAX)","38.3","111",""
"22","Route 22.asset","LTFJ","TETS1H","BEMKA","24","3","PAZAR","Details:","0","Details:","","22.8","112",""
"22","Route 22.asset","LTFJ","TETS1H","BEMKA","24","4","MEBOV","9000","220","9000 (at)","220 (MAX)","27.2","192",""
"22","Route 22.asset","LTFJ","TETS1H","BEMKA","24","5","FJ931","Details:","0","Details:","","9.5","240",""
"22","Route 22.asset","LTFJ","TETS1H","BEMKA","24","6","FJ932","5000","0","5000 (at)","","6","330",""
"22","Route 22.asset","LTFJ","TETS1H","BEMKA","24","7","FJ933","Details:","0","Details:","","3","60",""
"22","Route 22.asset","LTFJ","TETS1H","BEMKA","24","8","FJ934","Details:","0","Details:","","3","60",""
"22","Route 22.asset","LTFJ","TETS1H","BEMKA","24","9","FJ935","Details:","0","Details:","","3","60",""
"22","Route 22.asset","LTFJ","TETS1H","BEMKA","24","10","DISC","Details:","0","Details:","","0","0",""
"22","Route 22.asset","LTFJ","TETS1H","BEMKA","24","11","BEMKA","3500A","0","3500A (at or above)","","9","270",""
"22","Route 22.asset","LTFJ","TETS1H","BEMKA","24","12","CI24","3500","0","3500 (at)","","1.3","240",""
"22","Route 22.asset","LTFJ","TETS1H","BEMKA","24","13","FI24","1800","0","1800 (at)","","4.5","240",""
"22","Route 22.asset","LTFJ","TETS1H","BEMKA","24","14","RW24","354","0","354 (at)","","4","240",""
"23","Route 23.asset","VTBS","CABI1B","LASER","01L","1","CABIN","9000A","240","9000A (at or above)","240 (MAX)","9","380",""
"23","Route 23.asset","VTBS","CABI1B","LASER","01L","2","BS652","7000A","210","7000A (at or above)","210 (MAX)","24","321",""
"23","Route 23.asset","VTBS","CABI1B","LASER","01L","3","BS651","6000A","0","6000A (at or above)","","6","281",""
"23","Route 23.asset","VTBS","CABI1B","LASER","01L","4","BYLON","4000A","0","4000A (at or above)","","10","195",""
"23","Route 23.asset","VTBS","CABI1B","LASER","01L","5","SHEEN","2000A","0","2000A (at or above)","","5","285",""
"23","Route 23.asset","VTBS","CABI1B","LASER","01L","6","LASER","2000A","0","2000A (at or above)","","3.4","354",""
"23","Route 23.asset","VTBS","CABI1B","LASER","01L","7","LEVIN","2000","0","2000 (at)","","1.7","15",""
"23","Route 23.asset","VTBS","CABI1B","LASER","01L","8","FI09L","1290","0","1290 (at)","","2.5","15",""
"23","Route 23.asset","VTBS","CABI1B","LASER","01L","9","RW01L","5","0","5 (at)","","3.9","15",""
"24","Route 24.asset","VTBS","SILV1B","LYNDA","19L","1","SILVA","9000A","0","9000A (at or above)","","9","80",""
"24","Route 24.asset","VTBS","SILV1B","LYNDA","19L","2","BAKKE","7000","240","7000 (at)","240 (MAX)","20","38",""
"24","Route 24.asset","VTBS","SILV1B","LYNDA","19L","3","PETER","4000A","210","4000A (at or above)","210 (MAX)","15.1","15",""
"24","Route 24.asset","VTBS","SILV1B","LYNDA","19L","4","ROBIN","2000A","0","2000A (at or above)","","5","105",""
"24","Route 24.asset","VTBS","SILV1B","LYNDA","19L","5","LYNDA","2000A","0","2000A (at or above)","","3.5","175",""
"24","Route 24.asset","VTBS","SILV1B","LYNDA","19L","6","LEMON","2000","0","2000 (at)","","2.7","195",""
"24","Route 24.asset","VTBS","SILV1B","LYNDA","19L","7","FI19L","1300","0","1300 (at)","","2.2","195",""
"24","Route 24.asset","VTBS","SILV1B","LYNDA","19L","8","RW19L","55","0","55 (at)","","4","195",""
"25","Route 25.asset","WADD","GAGA1B","BENOA","27","1","GAGAK","Details:","0","Details:","","9","382",""
"25","Route 25.asset","WADD","GAGA1B","BENOA","27","2","KEDAT","7000","0","7000 (at)","","80.3","316",""
"25","Route 25.asset","WADD","GAGA1B","BENOA","27","3","BENOA","3000A","0","3000A (at or above)","","27.7","336",""
"25","Route 25.asset","WADD","GAGA1B","BENOA","27","4","97DME","2000","0","2000 (at)","","3.4","266",""
"25","Route 25.asset","WADD","GAGA1B","BENOA","27","5","62DME","2000","0","2000 (at)","","3.5","266",""
"25","Route 25.asset","WADD","GAGA1B","BENOA","27","6","RW27","62","0","62 (at)","","6.1","266",""
"26","Route 26.asset","WIII","CARLI2","NOKTA","07R","1","CARLI","Details:","0","Details:","","9","88",""
"26","Route 26.asset","WIII","CARLI2","NOKTA","07R","2","DKI44","Details:","0","Details:","","37.6","89",""
"26","Route 26.asset","WIII","CARLI2","NOKTA","07R","3","NOKTA","Details:","0","Details:","","13.4","164",""
"26","Route 26.asset","WIII","CARLI2","NOKTA","07R","4","DKI28","6000A","0","6000A (at or above)","","41.2","207",""
"26","Route 26.asset","WIII","CARLI2","NOKTA","07R","5","DKI-42","Details:","0","Details:","","14","255",""
"26","Route 26.asset","WIII","CARLI2","NOKTA","07R","6","INTC","Details:","0","Details:","","6.9","158",""
"26","Route 26.asset","WIII","CARLI2","NOKTA","07R","7","CF07R","3000","0","3000 (at)","","8.4","68",""
"26","Route 26.asset","WIII","CARLI2","NOKTA","07R","8","OM07R","1693","0","1693 (at)","","4.2","64",""
"26","Route 26.asset","WIII","CARLI2","NOKTA","07R","9","RW07R","84","0","84 (at)","","5.2","68",""
"27","Route 27.asset","VVTS","T10","Runway: 25L","25L","1","POPET","Details:","0","Details:","","9","78",""
"27","Route 27.asset","VVTS","T10","Runway: 25L","25L","2","SAPEN","Details:","0","Details:","","14.6","110",""
"27","Route 27.asset","VVTS","T10","Runway: 25L","25L","3","TSN","Details:","0","Details:","","29.8","114",""
"27","Route 27.asset","VVTS","T10","Runway: 25L","25L","4","DISC","Details:","0","Details:","","0","0",""
"27","Route 27.asset","VVTS","T10","Runway: 25L","25L","5","CI25L","1750","0","1750 (at)","","4","0",""
"27","Route 27.asset","VVTS","T10","Runway: 25L","25L","6","SGNB","1750","0","1750 (at)","","4","249",""
"27","Route 27.asset","VVTS","T10","Runway: 25L","25L","7","RW25L","82","0","82 (at)","","5.3","249",""
"28","Route 28.asset","FACT","WY4C","Runway: 01","01","1","WYNB","Details:","0","Details:","","9","172",""
"28","Route 28.asset","FACT","WY4C","Runway: 01","01","2","CTV30","Details:","250","Details:","250 (MAX)","14.2","245",""
"28","Route 28.asset","FACT","WY4C","Runway: 01","01","3","D065H","Details:","210","Details:","210 (MAX)","22","190",""
"28","Route 28.asset","FACT","WY4C","Runway: 01","01","4","VECTOR","Details:","0","Details:","","0","219",""
"28","Route 28.asset","FACT","WY4C","Runway: 01","01","5","CI01","2000","0","2000 (at)","","13.9","320",""
"28","Route 28.asset","FACT","WY4C","Runway: 01","01","6","FI01","1320","0","1320 (at)","","3.1","10",""
"28","Route 28.asset","FACT","WY4C","Runway: 01","01","7","RW01","194","0","194 (at)","","3.6","9",""
"29","Route 29.asset","HKJK","AVIT1P","TV","6","1","AVITU","Details:","0","Details:","","9","146",""
"29","Route 29.asset","HKJK","AVIT1P","TV","6","2","TV","10000A","0","10000A (at or above)","","106.7","219",""
"29","Route 29.asset","HKJK","AVIT1P","TV","6","3","TV-11","Details:","0","Details:","","11","287",""
"29","Route 29.asset","HKJK","AVIT1P","TV","6","4","CI06","3200","0","3200 (at)","","4.9","55",""
"29","Route 29.asset","HKJK","AVIT1P","TV","6","5","NONB","1000","0","1000 (at)","","2.8","54",""
"29","Route 29.asset","HKJK","AVIT1P","TV","6","6","RW06","100","0","100 (at)","","4","54",""
"30","Route 30.asset","GMMX","BGA7A","Runway: 10","10","1","OBOGA","Details:","0","Details:","","9","221",""
"30","Route 30.asset","GMMX","BGA7A","Runway: 10","10","2","D032M","Details:","0","Details:","","8.2","255",""
"30","Route 30.asset","GMMX","BGA7A","Runway: 10","10","3","D013M","Details:","0","Details:","","4.3","296",""
"30","Route 30.asset","GMMX","BGA7A","Runway: 10","10","4","D354M","Details:","230","Details:","230 (MAX)","4.9","276",""
"30","Route 30.asset","GMMX","BGA7A","Runway: 10","10","5","D332M","Details:","0","Details:","","4.4","254",""
"30","Route 30.asset","GMMX","BGA7A","Runway: 10","10","6","D310M","Details:","0","Details:","","5","234",""
"30","Route 30.asset","GMMX","BGA7A","Runway: 10","10","7","D288M","Details:","0","Details:","","5.6","210",""
"30","Route 30.asset","GMMX","BGA7A","Runway: 10","10","8","CI10","3200","0","3200 (at)","","10.5","111",""
"30","Route 30.asset","GMMX","BGA7A","Runway: 10","10","9","MAK","2390","0","2390 (at)","","2.6","99",""
"30","Route 30.asset","GMMX","BGA7A","Runway: 10","10","10","RW10","1556","0","1556 (at)","","2.7","99",""
"31","Route 31.asset","DTTA","NOLSI","MARSA","29","1","NOLSI ","Details:","0","Details:","","9","182",""
"31","Route 31.asset","DTTA","NOLSI","MARSA","29","2","MARSA","3000A","0","3000A (at or above)","","60.1","171",""
"31","Route 31.asset","DTTA","NOLSI","MARSA","29","3","D062M","Details:","0","Details:","","5.6","173",""
"31","Route 31.asset","DTTA","NOLSI","MARSA","29","4","D082M","Details:","0","Details:","","4.5","161",""
"31","Route 31.asset","DTTA","NOLSI","MARSA","29","5","D103M","2200A","0","2200A (at or above)","","5.1","182",""
"31","Route 31.asset","DTTA","NOLSI","MARSA","29","6","CI29","2200","0","2200 (at)","","2.6","247",""
"31","Route 31.asset","DTTA","NOLSI","MARSA","29","7","FI29 ","2200","0","2200 (at)","","3.5","291",""
"31","Route 31.asset","DTTA","NOLSI","MARSA","29","8","RW29","61","0","61 (at)","","6.8","291",""
"32","Route 32.asset","RJTT","NYLON2","NYLON","22","1","ADDUM ","10000","0","10000 (at)","","9","38",""
"32","Route 32.asset","RJTT","NYLON2","NYLON","22","2","BLITZ","Details:","0","Details:","","15","27",""
"32","Route 32.asset","RJTT","NYLON2","NYLON","22","3","BRASS","Details:","0","Details:","","17","351",""
"32","Route 32.asset","RJTT","NYLON2","NYLON","22","4","NYLON","Details:","0","Details:","","17","351",""
"32","Route 32.asset","RJTT","NYLON2","NYLON","22","5","NIFTY","Details:","0","Details:","","10.5","342",""
"32","Route 32.asset","RJTT","NYLON2","NYLON","22","6","NEXUS","5000","0","5000 (at)","","4.9","252",""
"32","Route 32.asset","RJTT","NYLON2","NYLON","22","7","NITRO","5000","0","5000 (at)","","2","252",""
"32","Route 32.asset","RJTT","NYLON2","NYLON","22","8","RW22 ","85","0","85 (at)","","14.9","252",""
"33","Route 33.asset","RJTT","CREAM","Runway: 34L","34L","1","STONE ","11000","250","11000 (at)","250 (MAX)","9","118",""
"33","Route 33.asset","RJTT","CREAM","Runway: 34L","34L","2","TLE","Details:","0","Details:","","15.8","195",""
"33","Route 33.asset","RJTT","CREAM","Runway: 34L","34L","3","CURRY","Details:","0","Details:","","14.6","186",""
"33","Route 33.asset","RJTT","CREAM","Runway: 34L","34L","4","COUPE","8000A","0","8000A (at or above)","","9.6","186",""
"33","Route 33.asset","RJTT","CREAM","Runway: 34L","34L","5","CUTIE","Details:","0","Details:","","9.2","179",""
"33","Route 33.asset","RJTT","CREAM","Runway: 34L","34L","6","CREAM","5000A","0","5000A (at or above)","","11.7","224",""
"33","Route 33.asset","RJTT","CREAM","Runway: 34L","34L","7","ARLON","5000","0","5000 (at)","","6.3","247",""
"33","Route 33.asset","RJTT","CREAM","Runway: 34L","34L","8","APOLO","5000","0","5000 (at)","","15","337",""
"33","Route 33.asset","RJTT","CREAM","Runway: 34L","34L","9","RW34L","68","0","68 (at)","","2.4","337",""
"34","Route 34.asset","VIDP","AKBA2B","CHI","11","1","AKBAN","12000A","0","12000A (at or above)","","9","88",""
"34","Route 34.asset","VIDP","AKBA2B","CHI","11","2","CHI","Details:","0","Details:","","13.5","58",""
"34","Route 34.asset","VIDP","AKBA2B","CHI","11","3","D240T","6500A","0","6500A (at or above)","","6.4","60",""
"34","Route 34.asset","VIDP","AKBA2B","CHI","11","4","D240O","2600A","0","2600A (at or above)","","5","60",""
"34","Route 34.asset","VIDP","AKBA2B","CHI","11","5","D253M","Details:","0","Details:","","3.6","9",""
"34","Route 34.asset","VIDP","AKBA2B","CHI","11","6","D267M","2600A","0","2600A (at or above)","","3.3","350",""
"34","Route 34.asset","VIDP","AKBA2B","CHI","11","7","CI11","2600","0","2600 (at)","","6.3","83",""
"34","Route 34.asset","VIDP","AKBA2B","CHI","11","8","FI11 ","2000","0","2000 (at)","","1.9","103",""
"34","Route 34.asset","VIDP","AKBA2B","CHI","11","9","RW11","773","0","773 (at)","","3.9","103",""
"35","Route 35.asset","VIDP","BASO1A","Runway: 28","28","1","BASOT","Details:","0","Details:","","9","287",""
"35","Route 35.asset","VIDP","BASO1A","Runway: 28","28","2","CHI27","Details:","0","Details:","","33.7","209",""
"35","Route 35.asset","VIDP","BASO1A","Runway: 28","28","3","DI26Z","8000A","0","8000A (at or above)","","18.4","153",""
"35","Route 35.asset","VIDP","BASO1A","Runway: 28","28","4","RUGDA","Details:","0","Details:","","2","146",""
"35","Route 35.asset","VIDP","BASO1A","Runway: 28","28","5","D274V","6500A","0","6500A (at or above)","","9.7","93",""
"35","Route 35.asset","VIDP","BASO1A","Runway: 28","28","6","PEDKA","Details:","0","Details:","","1.6","92",""
"35","Route 35.asset","VIDP","BASO1A","Runway: 28","28","7","DI170","Details:","0","Details:","","2.6","32",""
"35","Route 35.asset","VIDP","BASO1A","Runway: 28","28","8","VENGI","Details:","0","Details:","","2.2","22",""
"35","Route 35.asset","VIDP","BASO1A","Runway: 28","28","9","CI28","2600","0","2600 (at)","","6.5","294",""
"35","Route 35.asset","VIDP","BASO1A","Runway: 28","28","10","OM28","2140","0","2140 (at)","","2.9","294",""
"35","Route 35.asset","VIDP","BASO1A","Runway: 28","28","11","RW288","827","0","827 (at)","","4.2","283",""
"36","Route 36.asset","RPLL","CAB1","MIA","06","1","CAB","Details:","0","Details:","","9","163",""
"36","Route 36.asset","RPLL","CAB1","MIA","06","2","TARTA","Details:","0","Details:","","27.4","170",""
"36","Route 36.asset","RPLL","CAB1","MIA","06","3","GARAY","7000A","0","7000A (at or above)","","7.6","170",""
"36","Route 36.asset","RPLL","CAB1","MIA","06","4","MIA","4000A","0","4000A (at or above)","","25.4","198",""
"36","Route 36.asset","RPLL","CAB1","MIA","06","5","MIA-10","Details:","0","Details:","","14","224",""
"36","Route 36.asset","RPLL","CAB1","MIA","06","6","CI06","2500","0","2500 (at)","","5.9","1",""
"36","Route 36.asset","RPLL","CAB1","MIA","06","7","FI06","2500","0","2500 (at)","","1.2","61",""
"36","Route 36.asset","RPLL","CAB1","MIA","06","8","RW06","66","0","66 (at)","","7.9","61",""
"37","Route 37.asset","RPLL","IPA1","MIA","24","1","IPATA","Details:","0","Details:","","9","364",""
"37","Route 37.asset","RPLL","IPA1","MIA","24","2","KABAN","10000A","0","10000A (at or above)","","27","311",""
"37","Route 37.asset","RPLL","IPA1","MIA","24","3","CAMBA","6000A","0","6000A (at or above)","","15.8","311",""
"37","Route 37.asset","RPLL","IPA1","MIA","24","4","MIA","4000A","0","4000A (at or above)","","17.2","311",""
"37","Route 37.asset","RPLL","IPA1","MIA","24","5","MIA-9","Details:","0","Details:","","13","80",""
"37","Route 37.asset","RPLL","IPA1","MIA","24","6","CF24","2500","0","2500 (at)","","7.3","247",""
"37","Route 37.asset","RPLL","IPA1","MIA","24","7","FF24","1424","0","1424 (at)","","3.3","242",""
"37","Route 37.asset","RPLL","IPA1","MIA","24","8","RW24","125","0","125 (at)","","4.1","242",""
"38","Route 38.asset","UUWW","DR19A","KS","19","1","DRNB","Details:","0","Details:","","9","366",""
"38","Route 38.asset","UUWW","DR19A","KS","19","2","GOTMA","Details:","0","Details:","","27.9","326",""
"38","Route 38.asset","UUWW","DR19A","KS","19","3","054KS","4900A","0","4900A (at or above)","","7","336",""
"38","Route 38.asset","UUWW","DR19A","KS","19","4","KSNB","3590","0","3590 (at)","","12.2","62",""
"38","Route 38.asset","UUWW","DR19A","KS","19","5","180SX","Details:","0","Details:","","3.3","125",""
"38","Route 38.asset","UUWW","DR19A","KS","19","6","D1690","1950","0","1950 (at)","","5.3","171",""
"38","Route 38.asset","UUWW","DR19A","KS","19","7","89ITA","1950","0","1950 (at)","","2.1","190",""
"38","Route 38.asset","UUWW","DR19A","KS","19","8","RW19","1946","0","1946 (at)","","4","193",""
"39","Route 39.asset","UUWW","GIS24R","OSTIS","24","1","GISIN","Details:","0","Details:","","9","163",""
"39","Route 39.asset","UUWW","GIS24R","OSTIS","24","2","OKLIT","Details:","0","Details:","","7.7","169",""
"39","Route 39.asset","UUWW","GIS24R","OSTIS","24","3","TURUG","Details:","0","Details:","","7.6","169",""
"39","Route 39.asset","UUWW","GIS24R","OSTIS","24","4","WW521","5900A","230","5900A (at or above)","230 (MAX)","19.3","187",""
"39","Route 39.asset","UUWW","GIS24R","OSTIS","24","5","WW522","Details:","0","Details:","","5.4","172",""
"39","Route 39.asset","UUWW","GIS24R","OSTIS","24","6","WW523","Details:","0","Details:","","5.4","172",""
"39","Route 39.asset","UUWW","GIS24R","OSTIS","24","7","WW524","Details:","0","Details:","","5.4","172",""
"39","Route 39.asset","UUWW","GIS24R","OSTIS","24","8","WW525","Details:","0","Details:","","6.5","82",""
"39","Route 39.asset","UUWW","GIS24R","OSTIS","24","9","WW505","Details:","0","Details:","","5.4","352",""
"39","Route 39.asset","UUWW","GIS24R","OSTIS","24","10","WW504","Details:","0","Details:","","5.4","352",""
"39","Route 39.asset","UUWW","GIS24R","OSTIS","24","11","DRNB","5900","0","5900 (at)","","5.4","352",""
"39","Route 39.asset","UUWW","GIS24R","OSTIS","24","12","WW502","Details:","0","Details:","","5.4","352",""
"39","Route 39.asset","UUWW","GIS24R","OSTIS","24","13","WW501","Details:","0","Details:","","5.4","352",""
"39","Route 39.asset","UUWW","GIS24R","OSTIS","24","14","OSTIS","3640","0","3640 (at)","","6.8","8",""
"39","Route 39.asset","UUWW","GIS24R","OSTIS","24","15","290OB","2650","0","2650 (at)","","4.1","15",""
"39","Route 39.asset","UUWW","GIS24R","OSTIS","24","16","258OB","2320","0","2320 (at)","","2.9","339",""
"39","Route 39.asset","UUWW","GIS24R","OSTIS","24","17","CF24","2000","0","2000 (at)","","1.9","299",""
"39","Route 39.asset","UUWW","GIS24R","OSTIS","24","18","FF24","1991","0","1991 (at)","","0.8","239",""
"39","Route 39.asset","UUWW","GIS24R","OSTIS","24","19","RW24","729","0","729 (at)","","4","238",""
