"Level","ICAO","STAR","Transition","Runway","Seq","Waypoint","DatabaseAltitude","RealAltitude","DatabaseSpeed","RealSpeed","AltitudeCompare","SpeedCompare","Notes","Source"
"1","EDDV","ELNA2P","DL27R","27R","1","_START","AT 10000","(none)","(none)","(none)","Extra in DB","Yes (both none)","Scenario start altitude, not a chart restriction","Game"
"1","EDDV","ELNA2P","DL27R","27R","2","ELNAT","(none)","(none)","(none)","(none)","Yes (both none)","Yes (both none)","STAR fix; no published crossing restriction","DFS ELNAT STAR family"
"1","EDDV","ELNA2P","DL27R","27R","3","NORTA","(none)","(none)","MAX 240","(none)","Yes (both none)","Extra in DB","No NORTA-specific restriction. TMA MAX 250 kt below FL100 applies generally","DFS / TMA note"
"1","EDDV","ELNA2P","DL27R","27R","4","DLE-5","BETWEEN 8000-9000","(none)","(none)","(none)","Extra in DB","Yes (both none)","Game-constructed DME fix; not a published STAR waypoint (intentionally used)","n/a"
"1","EDDV","ELNA2P","DL27R","27R","5","DV582","(none)","(none)","MAX 220","(none)","Yes (both none)","Extra in DB","Radar-vector box overlay; not on STAR plate","EDDV radar overlay"
"1","EDDV","ELNA2P","DL27R","27R","6","DV583","(none)","(none)","(none)","(none)","Yes (both none)","Yes (both none)","Radar-vector box (C = pattern centre)","EDDV radar overlay"
"1","EDDV","ELNA2P","DL27R","27R","7","DV584","(none)","(none)","(none)","(none)","Yes (both none)","Yes (both none)","Radar-vector box overlay","EDDV radar overlay"
"1","EDDV","ELNA2P","DL27R","27R","8","DV585","(none)","(none)","MAX 200","(none)","Yes (both none)","Extra in DB","Radar-vector box overlay","EDDV radar overlay"
"1","EDDV","ELNA2P","DL27R","27R","9","DV575","(none)","(none)","(none)","(none)","Yes (both none)","Yes (both none)","Radar-vector box overlay","EDDV radar overlay"
"1","EDDV","ELNA2P","DL27R","27R","10","DV574","(none)","(none)","(none)","(none)","Yes (both none)","Yes (both none)","Radar-vector box overlay","EDDV radar overlay"
"1","EDDV","ELNA2P","DL27R","27R","11","DV573","(none)","(none)","MAX 190","(none)","Yes (both none)","Extra in DB","Radar-vector box overlay","EDDV radar overlay"
"1","EDDV","ELNA2P","DL27R","27R","12","DV572","(none)","(none)","(none)","(none)","Yes (both none)","Yes (both none)","Radar-vector box overlay","EDDV radar overlay"
"1","EDDV","ELNA2P","DL27R","27R","13","XAVER","AT 3000","AT 3000","MAX 179","(none)","Yes","Extra in DB","ILS-Z RWY 27R intercept 3000. 179 kt in DB is Vapp, not a plate MAX","VATSIM Germany / ILS-Z 27R"
"1","EDDV","ELNA2P","DL27R","27R","14","HANB","AT 1440","AT 1400","MAX 173","(none)","Yes","Extra in DB","3 deg GS at 4 NM ~1400 (THR 168). 173 kt in DB is Vapp","EDDV SRA/ILS profile 4 NM"
"1","EDDV","ELNA2P","DL27R","27R","15","RW27R","AT 219","THR 168","(none)","(none)","No (THR vs DB)","Yes (both none)","Threshold elevation; AD elev 183. Not a crossing restriction","AIP AD elev / THR 27R"
"2","EDDV","HLZ4R","CE09L","09L","1","_START_","AT 20000","(none)","(none)","(none)","Extra in DB","Yes (both none)","No published restriction found at this fix",""
"2","EDDV","HLZ4R","CE09L","09L","2","HLZ","(none)","(none)","(none)","(none)","Yes (both none)","Yes (both none)","HLZ VOR; no published crossing on older HLZ STAR","DFS"
"2","EDDV","HLZ4R","CE09L","09L","3","CELNB","AT OR BELOW 11000","AT OR BELOW 11000","(none)","(none)","Yes","Yes (both none)","CEL arrival max on older HLZ/CEL STAR","Older EDDV STAR"
"2","EDDV","HLZ4R","CE09L","09L","4","DV460","(none)","(none)","MAX 220","(none)","Yes (both none)","Extra in DB","Radar-vector box","EDDV radar overlay"
"2","EDDV","HLZ4R","CE09L","09L","5","DV461","(none)","(none)","(none)","(none)","Yes (both none)","Yes (both none)","Radar-vector box","EDDV radar overlay"
"2","EDDV","HLZ4R","CE09L","09L","6","DV462","(none)","(none)","(none)","(none)","Yes (both none)","Yes (both none)","Radar-vector box","EDDV radar overlay"
"2","EDDV","HLZ4R","CE09L","09L","7","DV463","(none)","(none)","(none)","(none)","Yes (both none)","Yes (both none)","Radar-vector box","EDDV radar overlay"
"2","EDDV","HLZ4R","CE09L","09L","8","DV464","(none)","(none)","(none)","(none)","Yes (both none)","Yes (both none)","Radar-vector box","EDDV radar overlay"
"2","EDDV","HLZ4R","CE09L","09L","9","DV465","(none)","(none)","(none)","(none)","Yes (both none)","Yes (both none)","Radar-vector box","EDDV radar overlay"
"2","EDDV","HLZ4R","CE09L","09L","10","DV475","(none)","(none)","(none)","(none)","Yes (both none)","Yes (both none)","Radar-vector box","EDDV radar overlay"
"2","EDDV","HLZ4R","CE09L","09L","11","DV474","(none)","(none)","(none)","(none)","Yes (both none)","Yes (both none)","Radar-vector box","EDDV radar overlay"
"2","EDDV","HLZ4R","CE09L","09L","12","DV473","(none)","(none)","(none)","(none)","Yes (both none)","Yes (both none)","Radar-vector box","EDDV radar overlay"
"2","EDDV","HLZ4R","CE09L","09L","13","DV472","(none)","(none)","(none)","(none)","Yes (both none)","Yes (both none)","Radar-vector box","EDDV radar overlay"
"2","EDDV","HLZ4R","CE09L","09L","14","DESIM","AT 3000","AT 3000","(none)","(none)","Yes","Yes (both none)","ILS-Z RWY 09L intercept 3000","VATSIM Germany ILS-Z"
"2","EDDV","HLZ4R","CE09L","09L","15","HWNB","AT 1460","AT 1400","(none)","(none)","Yes","Yes (both none)","3 deg GS at ~4 NM","EDDV ILS 09L profile"
"2","EDDV","HLZ4R","CE09L","09L","16","RW09L","AT 219","THR 167","(none)","(none)","No (THR vs DB)","Yes (both none)","Threshold elevation; AD elev 183","AIP"
"3","LFPG","DINA4E","LOR1H","08L","1","_START_","AT 20000","(none)","(none)","(none)","Extra in DB","Yes (both none)","No published restriction found at this fix",""
"3","LFPG","DINA4E","LOR1H","08L","2","DINAN ","(none)","(none)","(none)","(none)","Yes (both none)","Yes (both none)","No published restriction found at this fix",""
"3","LFPG","DINA4E","LOR1H","08L","3","CRL80 ","AT 24000","(none)","MAX 280","(none)","Extra in DB","Extra in DB","No published restriction found at this fix",""
"3","LFPG","DINA4E","LOR1H","08L","4","ZERAM ","AT 18000","(none)","(none)","(none)","Extra in DB","Yes (both none)","No published restriction found at this fix",""
"3","LFPG","DINA4E","LOR1H","08L","5","ANARU ","(none)","(none)","(none)","(none)","Yes (both none)","Yes (both none)","No published restriction found at this fix",""
"3","LFPG","DINA4E","LOR1H","08L","6","DIVEM ","AT 14000","(none)","(none)","(none)","Extra in DB","Yes (both none)","No published restriction found at this fix",""
"3","LFPG","DINA4E","LOR1H","08L","7","LORTA ","AT 14000","(none)","(none)","(none)","Extra in DB","Yes (both none)","No published restriction found at this fix",""
"3","LFPG","DINA4E","LOR1H","08L","8","BUNOR ","AT OR ABOVE 11000","(none)","(none)","(none)","Extra in DB","Yes (both none)","No published restriction found at this fix",""
"3","LFPG","DINA4E","LOR1H","08L","9","PG529 ","AT OR ABOVE 6000","(none)","(none)","(none)","Extra in DB","Yes (both none)","No published restriction found at this fix",""
"3","LFPG","DINA4E","LOR1H","08L","10","PG530  ","(none)","(none)","MAX 230","(none)","Yes (both none)","Extra in DB","No published restriction found at this fix",""
"3","LFPG","DINA4E","LOR1H","08L","11","PG532 ","(none)","(none)","(none)","(none)","Yes (both none)","Yes (both none)","No published restriction found at this fix",""
"3","LFPG","DINA4E","LOR1H","08L","12","CI08L ","AT 4000","(none)","(none)","(none)","Extra in DB","Yes (both none)","No published restriction found at this fix",""
"3","LFPG","DINA4E","LOR1H","08L","13","OM08L ","AT 1840","(none)","(none)","(none)","Extra in DB","Yes (both none)","No published restriction found at this fix",""
"3","LFPG","DINA4E","LOR1H","08L","14","RW08L ","AT 388","(none)","(none)","(none)","Extra in DB","Yes (both none)","No published restriction found at this fix",""
"4","LFPG","SABLO4W","BALOD","26L","1","_START_","AT 20000","(none)","(none)","(none)","Extra in DB","Yes (both none)","No published restriction found at this fix",""
"4","LFPG","SABLO4W","BALOD","26L","2","SABLE ","(none)","(none)","(none)","(none)","Yes (both none)","Yes (both none)","No published restriction found at this fix",""
"4","LFPG","SABLO4W","BALOD","26L","3","LUMAN","AT 24000","AT 24000","MAX 280","(none)","Yes","Extra in DB","FL240 STAR step","LFPG SABLO"
"4","LFPG","SABLO4W","BALOD","26L","4","ROMLO","(none)","(none)","(none)","(none)","Yes (both none)","Yes (both none)","No published crossing","LFPG SABLO"
"4","LFPG","SABLO4W","BALOD","26L","5","BALOD","AT 14000","AT 14000","MAX 250","MAX 250","Yes","Yes","BALOD crossing FL140 / 250 kt","LFPG SABLO / BALOD trans"
"4","LFPG","SABLO4W","BALOD","26L","6","CR43A","AT 14000","AT 14000","(none)","(none)","Yes","Yes (both none)","Same FL140 platform","LFPG"
"4","LFPG","SABLO4W","BALOD","26L","7","DOMUS","(none)","(none)","MAX 220","MAX 220","Yes (both none)","Yes","Initial approach speed","LFPG"
"4","LFPG","SABLO4W","BALOD","26L","8","PG517","AT 13000","AT 13000","(none)","(none)","Yes","Yes (both none)","RNAV arrival step","LFPG"
"4","LFPG","SABLO4W","BALOD","26L","9","PG514","AT OR ABOVE 12000","AT OR ABOVE 12000","(none)","(none)","Yes","Yes (both none)","RNAV arrival min","LFPG"
"4","LFPG","SABLO4W","BALOD","26L","10","PG515","(none)","(none)","(none)","(none)","Yes (both none)","Yes (both none)","No published crossing","LFPG"
"4","LFPG","SABLO4W","BALOD","26L","11","PG516","(none)","(none)","(none)","(none)","Yes (both none)","Yes (both none)","No published crossing","LFPG"
"4","LFPG","SABLO4W","BALOD","26L","12","VECTOR","(none)","(none)","(none)","(none)","Yes (both none)","Yes (both none)","Radar intercept, not a chart fix","LFPG"
"4","LFPG","SABLO4W","BALOD","26L","13","CI26L","AT 3000","AT 4000","(none)","(none)","No","Yes (both none)","Current ILS 26L default 4000 (3000/2000 available)","IVAO LFPG memo AIRAC 2606"
"4","LFPG","SABLO4W","BALOD","26L","14","FI26L","AT 2260","AT 2260","(none)","(none)","Yes","Yes (both none)","GS / FAF check altitude","LFPG ILS 26L"
"4","LFPG","SABLO4W","BALOD","26L","15","RW26L ","AT 366","(none)","(none)","(none)","Extra in DB","Yes (both none)","No published restriction found at this fix",""
"5","EHAM","REDF1A","SUGOL","06","1","_START_","AT 20000","(none)","(none)","(none)","Extra in DB","Yes (both none)","No published restriction found at this fix",""
"5","EHAM","REDF1A","SUGOL","06","2","REDFA","AT OR BELOW 23000","AT OR BELOW FL230","MAX 280","(none)","Yes","Extra in DB","REDFA 1A MAX FL230. 280 kt not on STAR","LVNL EHAM STAR AMDT 03/2026"
"5","EHAM","REDF1A","SUGOL","06","3","SULUT","(none)","(none)","(none)","(none)","Yes (both none)","Yes (both none)","No published crossing","LVNL STAR"
"5","EHAM","REDF1A","SUGOL","06","4","SUGOL","BETWEEN 7000-10000 (missing A/B)","BETWEEN FL070-FL100","MAX 250","MAX 250","Yes","Yes","IAF SUGOL FL070-FL100, MAX 250 KIAS","LVNL STAR + IVAO NL briefing"
"5","EHAM","REDF1A","SUGOL","06","5","D2930","(none)","(none)","(none)","(none)","Yes (both none)","Yes (both none)","Radial/DME leg, no published crossing","LVNL"
"5","EHAM","REDF1A","SUGOL","06","6","SPL","AT OR ABOVE 7000","AT OR ABOVE 7000","(none)","(none)","Yes","Yes (both none)","SPL / IAF related min FL070","LVNL"
"5","EHAM","REDF1A","SUGOL","06","7","CHNB","AT OR ABOVE 3000","AT OR ABOVE 3000","(none)","(none)","Yes","Yes (both none)","SUGOL 2A transition via CH","EHAM IAC-06.2"
"5","EHAM","REDF1A","SUGOL","06","8","CHNB-4","(none)","(none)","(none)","(none)","Yes (both none)","Yes (both none)","4 NM to CH, no extra published min","EHAM IAC"
"5","EHAM","REDF1A","SUGOL","06","9","CHNB","AT OR ABOVE 2000","AT OR ABOVE 2000","(none)","(none)","Yes","Yes (both none)","Later CH crossing on ILS 06 transition","EHAM IAC-06.2"
"5","EHAM","REDF1A","SUGOL","06","10","EH609","AT 2000","AT 2000","(none)","(none)","Yes","Yes (both none)","FAF EH609 6.2 KAG 2000 AMSL","opennav EHAM IAC-06-2"
"5","EHAM","REDF1A","SUGOL","06","11","EH616","AT 1310","AT 1310","(none)","MAX 160","Yes","Missing in DB","4.0 KAG 1310 AMSL, 160 KIAS","opennav EHAM IAC-06-2"
"5","EHAM","REDF1A","SUGOL","06","12","RW06","AT 49","THR -11","(none)","(none)","No (THR vs DB)","Yes (both none)","THR 06 elev -11 ft","AIP EHAM"
"6","EHAM","PESE2A","RIVER","18R","1","_START_","AT 20000","(none)","(none)","(none)","Extra in DB","Yes (both none)","No published restriction found at this fix",""
"6","EHAM","PESE2A","RIVER","18R","2","PESER","AT OR BELOW 7000","AT OR BELOW FL070","MAX 280","(none)","Yes","Extra in DB","PESER MAX FL070. 280 kt not on STAR","LVNL STAR / IVAO NL"
"6","EHAM","PESE2A","RIVER","18R","3","STDNB ","AT OR BELOW 11000","(none)","(none)","(none)","Extra in DB","Yes (both none)","No published restriction found at this fix",""
"6","EHAM","PESE2A","RIVER","18R","4","RIVER ","(none)","(none)","MAX 250","(none)","Yes (both none)","Extra in DB","No published restriction found at this fix",""
"6","EHAM","PESE2A","RIVER","18R","5","D2230 ","(none)","(none)","MAX 220","(none)","Yes (both none)","Extra in DB","No published restriction found at this fix",""
"6","EHAM","PESE2A","RIVER","18R","6","SPL ","AT OR ABOVE 7000","(none)","(none)","(none)","Extra in DB","Yes (both none)","No published restriction found at this fix",""
"6","EHAM","PESE2A","RIVER","18R","7","EH644 ","AT OR ABOVE 3000","(none)","(none)","(none)","Extra in DB","Yes (both none)","No published restriction found at this fix",""
"6","EHAM","PESE2A","RIVER","18R","8","INTC ","(none)","(none)","(none)","(none)","Yes (both none)","Yes (both none)","No published restriction found at this fix",""
"6","EHAM","PESE2A","RIVER","18R","9","EH621 ","AT 2000","(none)","(none)","(none)","Extra in DB","Yes (both none)","No published restriction found at this fix",""
"6","EHAM","PESE2A","RIVER","18R","10","EH622 ","AT 1310","(none)","(none)","(none)","Extra in DB","Yes (both none)","No published restriction found at this fix",""
"6","EHAM","PESE2A","RIVER","18R","11","RW18R ","AT 49","(none)","(none)","(none)","Extra in DB","Yes (both none)","No published restriction found at this fix",""
"7","EGLL","BNN1B","BNN","09L","1","_START_","AT 20000","(none)","(none)","(none)","Extra in DB","Yes (both none)","No published restriction found at this fix",""
"7","EGLL","BNN1B","BNN","09L","2","NUGRA","(none)","(none)","(none)","MAX 250","Yes (both none)","Missing in DB","SLP: 250 KIAS 3 min before hold. No NUGRA altitude","UK AIP BNN 1B 2014"
"7","EGLL","BNN1B","BNN","09L","3","TOBID","(none)","AT OR BELOW FL200","(none)","(none)","Missing in DB","Yes (both none)","BNN 1B: FL200 by TOBID","UK AIP EGLL 7-3 / NUGRA 1H"
"7","EGLL","BNN1B","BNN","09L","4","SOPIT","(none)","AT OR BELOW FL150","(none)","MAX 220","Missing in DB","Missing in DB","FL150 by SOPIT; LTMA hold MAX 220 through FL140","UK AIP BNN 1B / NUGRA 1H"
"7","EGLL","BNN1B","BNN","09L","5","WCONB ","(none)","(none)","(none)","(none)","Yes (both none)","Yes (both none)","No published restriction found at this fix",""
"7","EGLL","BNN1B","BNN","09L","6","BNN","(none)","AT 7000","(none)","MAX 220","Missing in DB","Missing in DB","BNN stack lowest 7000; hold MAX 220 to FL140","UK AIP BNN STAR"
"7","EGLL","BNN1B","BNN","09L","7","BNN05","(none)","(none)","(none)","(none)","Yes (both none)","Yes (both none)","Initial approach / radar","UK AIP IAP notes"
"7","EGLL","BNN1B","BNN","09L","8","LAM30","(none)","(none)","(none)","(none)","Yes (both none)","Yes (both none)","Radar vector leg","UK AIP"
"7","EGLL","BNN1B","BNN","09L","9","LAM34 ","(none)","(none)","(none)","(none)","Yes (both none)","Yes (both none)","No published restriction found at this fix",""
"7","EGLL","BNN1B","BNN","09L","10","GWC39 ","(none)","(none)","(none)","(none)","Yes (both none)","Yes (both none)","No published restriction found at this fix",""
"7","EGLL","BNN1B","BNN","09L","11","IAA10 ","(none)","(none)","(none)","(none)","Yes (both none)","Yes (both none)","No published restriction found at this fix",""
"7","EGLL","BNN1B","BNN","09L","12","CF09L ","(none)","(none)","(none)","(none)","Yes (both none)","Yes (both none)","No published restriction found at this fix",""
"7","EGLL","BNN1B","BNN","09L","13","FF09L ","(none)","(none)","(none)","(none)","Yes (both none)","Yes (both none)","No published restriction found at this fix",""
"7","EGLL","BNN1B","BNN","09L","14","RW09L ","(none)","(none)","(none)","(none)","Yes (both none)","Yes (both none)","No published restriction found at this fix",""
"8","EGLL","OCK1A","Runway: 27L","27L","1","_START_","AT 20000","(none)","(none)","(none)","Extra in DB","Yes (both none)","No published restriction found at this fix",""
"8","EGLL","OCK1A","Runway: 27L","27L","2","KENET","140007000 (concatenated FL140 + 7000)","AT OR BELOW FL140","(none)","(none)","Yes","Yes (both none)","OCK 1A: FL140 by 40 NM before OCK (KENET is OCK D40). 7000 is OCK stack, not KENET","UK AIP EGLL 7-6 (2013)"
"8","EGLL","OCK1A","Runway: 27L","27L","3","D291L","(none)","(none)","MAX 250","MAX 250","Yes (both none)","Yes","SLP / 3 min before hold MAX 250 KIAS","UK AIP OCK STAR"
"8","EGLL","OCK1A","Runway: 27L","27L","4","OCK","(none)","AT 7000","MAX 220","MAX 220","Missing in DB","Yes","OCK stack min 7000; hold MAX 220 through FL140","UK AIP OCK STAR"
"8","EGLL","OCK1A","Runway: 27L","27L","5","OCK07","AT OR ABOVE 7000","AT OR ABOVE 7000","MAX 220","MAX 220","Yes","Yes","Leaving stack / 7 DME OCK","UK AIP / initial"
"8","EGLL","OCK1A","Runway: 27L","27L","6","OC11A","AT OR ABOVE 6000","AT OR ABOVE 6000","(none)","(none)","Yes","Yes (both none)","Intermediate 6000","Heathrow initial"
"8","EGLL","OCK1A","Runway: 27L","27L","7","OC12B","(none)","(none)","(none)","(none)","Yes (both none)","Yes (both none)","No published crossing","Heathrow"
"8","EGLL","OCK1A","Runway: 27L","27L","8","INTC","(none)","(none)","(none)","(none)","Yes (both none)","Yes (both none)","Radar intercept","UK AIP"
"8","EGLL","OCK1A","Runway: 27L","27L","9","ILL10","AT 3000","AT 3000","(none)","(none)","Yes","Yes (both none)","I-LL D10 / 3000 platform","UK AIP ILS 27L"
"8","EGLL","OCK1A","Runway: 27L","27L","10","CF27L","AT 2500","AT 2500","(none)","(none)","Yes","Yes (both none)","ILS intercept 2500","UK AIP EGLL 8-9"
"8","EGLL","OCK1A","Runway: 27L","27L","11","FF27L","AT 1400","AT 1400","(none)","(none)","Yes","Yes (both none)","GP/FAP 1400","UK AIP EGLL 8-9"
"8","EGLL","OCK1A","Runway: 27L","27L","12","RW27L","AT 127","THR 77","(none)","(none)","Yes (THR close)","Yes (both none)","AD elev 83","UK AIP"
"9","EKCH","ALM3M","KAS","04L","1","_START_","AT 20000","(none)","(none)","(none)","Extra in DB","Yes (both none)","No published restriction found at this fix",""
"9","EKCH","ALM3M","KAS","04L","2","ALM","(none)","(none)","(none)","(none)","Yes (both none)","Yes (both none)","ALM VOR STAR entry","EKCH ALM STAR"
"9","EKCH","ALM3M","KAS","04L","3","REPRO","(none)","(none)","MAX 250","MAX 250","Yes (both none)","Yes","TMA 250; not always on the fix","EKCH"
"9","EKCH","ALM3M","KAS","04L","4","CH552","AT OR ABOVE 5000","AT OR ABOVE 5000","MAX 220","MAX 220","Yes","Yes","RNAV downwind 5000+ / 220","EKCH RNAV STAR 04L"
"9","EKCH","ALM3M","KAS","04L","5","CH551","AT OR ABOVE 4000","AT OR ABOVE 4000","MAX 220","MAX 220","Yes","Yes","RNAV downwind 4000+ / 220","EKCH RNAV STAR 04L"
"9","EKCH","ALM3M","KAS","04L","6","CH441","(none)","(none)","(none)","(none)","Yes (both none)","Yes (both none)","Base / intercept turn","EKCH"
"9","EKCH","ALM3M","KAS","04L","7","CI04L","AT 3000","AT 3000","(none)","(none)","Yes","Yes (both none)","ILS 04L intercept 3000","EKCH ILS 04L"
"9","EKCH","ALM3M","KAS","04L","8","FI04L","AT 1600","AT 1600","(none)","(none)","Yes","Yes (both none)","FAF / GS ~1600","EKCH ILS 04L"
"9","EKCH","ALM3M","KAS","04L","9","RW04L","AT 63","THR 17","(none)","(none)","Yes (THR close)","Yes (both none)","AD elev 17","AIP EKCH"
"10","EKCH","CDA3N","KAS","22L","1","_START_","AT 20000","(none)","(none)","(none)","Extra in DB","Yes (both none)","No published restriction found at this fix",""
"10","EKCH","CDA3N","KAS","22L","2","CDA","(none)","(none)","(none)","(none)","Yes (both none)","Yes (both none)","CDA VOR STAR entry","EKCH CDA STAR"
"10","EKCH","CDA3N","KAS","22L","3","KUTAX","(none)","(none)","(none)","(none)","Yes (both none)","Yes (both none)","No published crossing","EKCH"
"10","EKCH","CDA3N","KAS","22L","4","CH993","(none)","(none)","(none)","(none)","Yes (both none)","Yes (both none)","RNAV track, no published min","EKCH"
"10","EKCH","CDA3N","KAS","22L","5","CH992","(none)","(none)","(none)","(none)","Yes (both none)","Yes (both none)","RNAV track, no published min","EKCH"
"10","EKCH","CDA3N","KAS","22L","6","CH991","AT OR ABOVE 5000","AT OR ABOVE 5000","(none)","(none)","Yes","Yes (both none)","RNAV downwind 5000+","EKCH RNAV 22L"
"10","EKCH","CDA3N","KAS","22L","7","CH881","(none)","(none)","(none)","(none)","Yes (both none)","Yes (both none)","Base turn","EKCH"
"10","EKCH","CDA3N","KAS","22L","8","LAMOX","AT OR ABOVE 3000","AT OR ABOVE 3000","(none)","(none)","Yes","Yes (both none)","IF 3000+","EKCH ILS 22L"
"10","EKCH","CDA3N","KAS","22L","9","93DME","AT 3000","AT 3000","(none)","(none)","Yes","Yes (both none)","LOC intercept 3000","EKCH ILS 22L"
"10","EKCH","CDA3N","KAS","22L","10","FI22L ","AT 1600","(none)","(none)","(none)","Extra in DB","Yes (both none)","No published restriction found at this fix",""
"10","EKCH","CDA3N","KAS","22L","11","RW22L ","AT 58","(none)","(none)","(none)","Extra in DB","Yes (both none)","No published restriction found at this fix",""
"11","LIRF","LAT3A","ROM","16C","1","_START_","AT 20000","(none)","(none)","(none)","Extra in DB","Yes (both none)","No published restriction found at this fix",""
"11","LIRF","LAT3A","ROM","16C","2","LAT","(none)","(none)","(none)","(none)","Yes (both none)","Yes (both none)","LAT VOR STAR entry","LIRF LAT STAR"
"11","LIRF","LAT3A","ROM","16C","3","ROM","(none)","(none)","(none)","(none)","Yes (both none)","Yes (both none)","ROM VOR; no published crossing on older LAT3A","LIRF"
"11","LIRF","LAT3A","ROM","16C","4","INTC","(none)","(none)","(none)","(none)","Yes (both none)","Yes (both none)","Radar intercept","LIRF"
"11","LIRF","LAT3A","ROM","16C","5","MIKSO","AT OR ABOVE 2500","AT OR ABOVE 2500","(none)","(none)","Yes","Yes (both none)","IAF 2500+","LIRF ILS 16C"
"11","LIRF","LAT3A","ROM","16C","6","CI16C","AT 2500","AT 2500","(none)","(none)","Yes","Yes (both none)","LOC intercept 2500","LIRF ILS 16C"
"11","LIRF","LAT3A","ROM","16C","7","FI16C","AT 1340","AT 1340","(none)","(none)","Yes","Yes (both none)","FAF / GS","LIRF ILS 16C"
"11","LIRF","LAT3A","ROM","16C","8","RW16C","AT 58","THR 13","(none)","(none)","Yes (THR close)","Yes (both none)","AD elev 13","AIP LIRF"
"12","LIRF","ELKA3A","TAQ","25","1","_START_","AT 20000","(none)","(none)","(none)","Extra in DB","Yes (both none)","No published restriction found at this fix",""
"12","LIRF","ELKA3A","TAQ","25","2","ELKAP","(none)","(none)","(none)","(none)","Yes (both none)","Yes (both none)","STAR entry","LIRF ELKA STAR"
"12","LIRF","ELKA3A","TAQ","25","3","BIBEK","(none)","(none)","(none)","(none)","Yes (both none)","Yes (both none)","No published crossing on older ELKA3A","LIRF"
"12","LIRF","ELKA3A","TAQ","25","4","TAQ","(none)","(none)","(none)","(none)","Yes (both none)","Yes (both none)","TAQ VOR; altitude usually ATC","LIRF"
"12","LIRF","ELKA3A","TAQ","25","5","CMP","(none)","(none)","(none)","(none)","Yes (both none)","Yes (both none)","No published crossing","LIRF"
"12","LIRF","ELKA3A","TAQ","25","6","URBNB","(none)","(none)","(none)","(none)","Yes (both none)","Yes (both none)","Urban NDB area","LIRF"
"12","LIRF","ELKA3A","TAQ","25","7","INTC","(none)","(none)","(none)","(none)","Yes (both none)","Yes (both none)","Radar intercept","LIRF"
"12","LIRF","ELKA3A","TAQ","25","8","CF25","AT 3000","AT 3000","(none)","(none)","Yes","Yes (both none)","ILS 25 intercept 3000","LIRF ILS 25"
"12","LIRF","ELKA3A","TAQ","25","9","FF25","AT 3000","AT 3000","(none)","(none)","Yes","Yes (both none)","Platform / FAF 3000 on this ILS","LIRF ILS 25"
"12","LIRF","ELKA3A","TAQ","25","10","RW25","AT 55","THR 13","(none)","(none)","Yes (THR close)","Yes (both none)","AD elev 13","AIP LIRF"
"13","LSZH","NEGR1A","AMIKI","14","1","_START_","AT 20000","(none)","(none)","(none)","Extra in DB","Yes (both none)","No published restriction found at this fix",""
"13","LSZH","NEGR1A","AMIKI","14","2","NEGRA","(none)","(none)","(none)","(none)","Yes (both none)","Yes (both none)","STAR entry","LSZH NEGR STAR"
"13","LSZH","NEGR1A","AMIKI","14","3","MATIV","(none)","(none)","(none)","(none)","Yes (both none)","Yes (both none)","No published crossing","LSZH"
"13","LSZH","NEGR1A","AMIKI","14","4","AMIKI","(none)","(none)","(none)","(none)","Yes (both none)","Yes (both none)","AMIKI IAF / hold; mins on later fixes","LSZH STAR AMIKI"
"13","LSZH","NEGR1A","AMIKI","14","5","ZUE","AT OR ABOVE 7000","AT OR ABOVE 7000","(none)","(none)","Yes","Yes (both none)","ZUE 7000+","LSZH ILS 14 / AMIKI STAR"
"13","LSZH","NEGR1A","AMIKI","14","6","ZH701","AT OR ABOVE 6000","AT OR ABOVE 6000","(none)","(none)","Yes","Yes (both none)","RNAV 6000+","LSZH"
"13","LSZH","NEGR1A","AMIKI","14","7","TRA","AT OR ABOVE 5000","AT OR ABOVE 5000","(none)","(none)","Yes","Yes (both none)","TRA 5000+","LSZH"
"13","LSZH","NEGR1A","AMIKI","14","8","INTC","(none)","(none)","(none)","(none)","Yes (both none)","Yes (both none)","Radar intercept","LSZH"
"13","LSZH","NEGR1A","AMIKI","14","9","CF14","AT 4000","AT 4000","(none)","(none)","Yes","Yes (both none)","ILS 14 intercept 4000","LSZH ILS 14"
"13","LSZH","NEGR1A","AMIKI","14","10","OSNEM","AT 4000","AT 4000","(none)","(none)","Yes","Yes (both none)","GS / FAF 4000","LSZH ILS 14"
"13","LSZH","NEGR1A","AMIKI","14","11","RW14","AT 1452","THR 1390","(none)","(none)","No (THR vs DB)","Yes (both none)","AD elev 1416","LSZH AIP"
"14","LSZH","BLM2G","GIPOL","34","1","_START_","AT 20000","(none)","(none)","(none)","Extra in DB","Yes (both none)","No published restriction found at this fix",""
"14","LSZH","BLM2G","GIPOL","34","2","BLM","AT OR BELOW 2000","AT OR BELOW FL200","(none)","(none)","No","Yes (both none)","BLM arrival is FL200-class, not 2000 ft (field 1416)","LSZH BLM STAR"
"14","LSZH","BLM2G","GIPOL","34","3","ZH677","AT OR ABOVE 12000","AT OR ABOVE 12000","(none)","(none)","Yes","Yes (both none)","RNAV 12000+","LSZH BLM RNAV"
"14","LSZH","BLM2G","GIPOL","34","4","GIPOL","AT OR ABOVE 7000","AT OR ABOVE 7000","(none)","(none)","Yes","Yes (both none)","GIPOL 7000","LSZH STAR GIPOL / ILS 34"
"14","LSZH","BLM2G","GIPOL","34","5","KLO","AT OR ABOVE 6000","AT OR ABOVE 6000","(none)","(none)","Yes","Yes (both none)","KLO 6000","LSZH ILS 34"
"14","LSZH","BLM2G","GIPOL","34","6","ZH726","AT 6000","AT 6000","(none)","(none)","Yes","Yes (both none)","Intermediate 6000","LSZH"
"14","LSZH","BLM2G","GIPOL","34","7","UTIXO","AT 5000","AT 5000","(none)","(none)","Yes","Yes (both none)","Intermediate 5000","LSZH"
"14","LSZH","BLM2G","GIPOL","34","8","MILNI","AT 1458","AT 2710","(none)","(none)","No","Yes (both none)","ILS 34 GS D3.8 ~2710, not 1458","Jepp ILS DME 34"
"14","LSZH","BLM2G","GIPOL","34","9","RW24","(none)","THR 1388 (RWY 34)","(none)","(none)","Missing in DB","Yes (both none)","Zurich has no RW24. ILS 34 ident IZS 110.75. THR 34 = 1388","LSZH AIP / Level Info RW 34"
"15","LEBL","VERDB","VIBIM","02","1","_START_","AT 20000","(none)","(none)","(none)","Extra in DB","Yes (both none)","No published restriction found at this fix",""
"15","LEBL","VERDB","VIBIM","02","2","VERSO","(none)","(none)","(none)","(none)","Yes (both none)","Yes (both none)","STAR entry","LEBL VER STAR"
"15","LEBL","VERDB","VIBIM","02","3","BL038","(none)","(none)","(none)","(none)","Yes (both none)","Yes (both none)","No published crossing","LEBL"
"15","LEBL","VERDB","VIBIM","02","4","BL012","(none)","(none)","(none)","(none)","Yes (both none)","Yes (both none)","No published crossing","LEBL"
"15","LEBL","VERDB","VIBIM","02","5","VIBIM","BETWEEN 4000-7000 (C instead of A/B)","BETWEEN 4000-7000","(none)","(none)","Yes","Yes (both none)","VIBIM window 4000-7000","LEBL VIBIM trans"
"15","LEBL","VERDB","VIBIM","02","6","INTC","(none)","(none)","(none)","(none)","Yes (both none)","Yes (both none)","Radar intercept","LEBL"
"15","LEBL","VERDB","VIBIM","02","7","SANIS","AT 2000","AT 2000","(none)","(none)","Yes","Yes (both none)","ILS 02 intercept 2000","LEBL ILS 02"
"15","LEBL","VERDB","VIBIM","02","8","DM06A","AT 2000","AT 2000","(none)","(none)","Yes","Yes (both none)","GS / FAF 2000","LEBL ILS 02"
"15","LEBL","VERDB","VIBIM","02","9","RW02","AT 57","THR 12","(none)","(none)","Yes (THR close)","Yes (both none)","AD elev 12","AIP LEBL"
"16","LEBL","BIS2DD","LESBA","25R","1","_START_","AT 20000","(none)","(none)","(none)","Extra in DB","Yes (both none)","No published restriction found at this fix",""
"16","LEBL","BIS2DD","LESBA","25R","2","BISBA","(none)","(none)","(none)","(none)","Yes (both none)","Yes (both none)","STAR entry","LEBL BIS STAR"
"16","LEBL","BIS2DD","LESBA","25R","3","BGR","(none)","(none)","(none)","(none)","Yes (both none)","Yes (both none)","BGR VOR","LEBL"
"16","LEBL","BIS2DD","LESBA","25R","4","BL045","(none)","(none)","(none)","(none)","Yes (both none)","Yes (both none)","No published crossing","LEBL"
"16","LEBL","BIS2DD","LESBA","25R","5","XAMUR","(none)","(none)","(none)","(none)","Yes (both none)","Yes (both none)","No published crossing","LEBL"
"16","LEBL","BIS2DD","LESBA","25R","6","D0970","(none)","(none)","(none)","(none)","Yes (both none)","Yes (both none)","Radial/DME","LEBL"
"16","LEBL","BIS2DD","LESBA","25R","7","LESBA","AT OR ABOVE 4000","AT OR ABOVE 4000","(none)","(none)","Yes","Yes (both none)","LESBA 4000+","LEBL LESBA trans"
"16","LEBL","BIS2DD","LESBA","25R","8","SLL-16","(none)","(none)","(none)","(none)","Yes (both none)","Yes (both none)","SLL 16 DME","LEBL"
"16","LEBL","BIS2DD","LESBA","25R","9","TEBLA","AT OR ABOVE 2300","AT OR ABOVE 2300","(none)","(none)","Yes","Yes (both none)","TEBLA 2300+","LEBL ILS 25R"
"16","LEBL","BIS2DD","LESBA","25R","10","CI25R","AT 2300","AT 2300","(none)","(none)","Yes","Yes (both none)","ILS 25R intercept 2300","LEBL ILS 25R"
"16","LEBL","BIS2DD","LESBA","25R","11","FU25R","AT 1351","AT 1351","(none)","(none)","Yes","Yes (both none)","GS / FAF","LEBL ILS 25R"
"16","LEBL","BIS2DD","LESBA","25R","12","RW25R","AT 60","THR 12","(none)","(none)","Yes (THR close)","Yes (both none)","AD elev 12","AIP LEBL"
"17","EBBR","ARVO2A","KERKY","02","1","_START_","AT 20000","(none)","(none)","(none)","Extra in DB","Yes (both none)","No published restriction found at this fix",""
"17","EBBR","ARVO2A","KERKY","02","2","ARVOL","(none)","(none)","MAX 250","MAX 250","Yes (both none)","Yes","STAR speed 250; no ARVOL altitude","EBBR ARVO STAR"
"17","EBBR","ARVO2A","KERKY","02","3","AKOVI","(none)","(none)","(none)","(none)","Yes (both none)","Yes (both none)","No published crossing","EBBR"
"17","EBBR","ARVO2A","KERKY","02","4","RODRI","(none)","(none)","(none)","(none)","Yes (both none)","Yes (both none)","No published crossing","EBBR"
"17","EBBR","ARVO2A","KERKY","02","5","KERKY","(none)","(none)","(none)","(none)","Yes (both none)","Yes (both none)","KERKY trans; altitude ATC","EBBR"
"17","EBBR","ARVO2A","KERKY","02","6","AFI","(none)","(none)","(none)","(none)","Yes (both none)","Yes (both none)","AFI VOR","EBBR"
"17","EBBR","ARVO2A","KERKY","02","7","AFI-12","(none)","(none)","(none)","(none)","Yes (both none)","Yes (both none)","AFI 12 DME","EBBR"
"17","EBBR","ARVO2A","KERKY","02","8","NIVOR","AT OR ABOVE 2000","AT OR ABOVE 2000","(none)","(none)","Yes","Yes (both none)","NIVOR 2000+","EBBR ILS 02"
"17","EBBR","ARVO2A","KERKY","02","9","HUL-11","(none)","(none)","(none)","(none)","Yes (both none)","Yes (both none)","HUL 11 DME","EBBR"
"17","EBBR","ARVO2A","KERKY","02","10","CF02","AT 2000","AT 2000","(none)","(none)","Yes","Yes (both none)","ILS 02 intercept 2000","EBBR ILS 02"
"17","EBBR","ARVO2A","KERKY","02","11","OM02","AT 1430","AT 1430","(none)","(none)","Yes","Yes (both none)","OM / GS","EBBR ILS 02"
"17","EBBR","ARVO2A","KERKY","02","12","RW02","AT 233","THR 184","(none)","(none)","Yes (THR close)","Yes (both none)","AD elev 184","AIP EBBR"
"18","EBBR","TULN3B","FLO","25R","1","_START_","AT 20000","(none)","(none)","(none)","Extra in DB","Yes (both none)","No published restriction found at this fix",""
"18","EBBR","TULN3B","FLO","25R","2","TULNI","(none)","(none)","MAX 250","MAX 250","Yes (both none)","Yes","STAR speed 250","EBBR TULN STAR"
"18","EBBR","TULN3B","FLO","25R","3","CIV","(none)","(none)","(none)","(none)","Yes (both none)","Yes (both none)","CIV VOR","EBBR"
"18","EBBR","TULN3B","FLO","25R","4","HUL","(none)","(none)","(none)","(none)","Yes (both none)","Yes (both none)","HUL NDB","EBBR"
"18","EBBR","TULN3B","FLO","25R","5","FLO","(none)","(none)","(none)","(none)","Yes (both none)","Yes (both none)","FLO trans","EBBR"
"18","EBBR","TULN3B","FLO","25R","6","FLO-10","AT OR ABOVE 2000","AT OR ABOVE 2000","(none)","(none)","Yes","Yes (both none)","FLO 10 DME 2000+","EBBR ILS 25R"
"18","EBBR","TULN3B","FLO","25R","7","INTC","(none)","(none)","(none)","(none)","Yes (both none)","Yes (both none)","Radar intercept","EBBR"
"18","EBBR","TULN3B","FLO","25R","8","CF25R","AT 2000","AT 2000","(none)","(none)","Yes","Yes (both none)","ILS 25R intercept 2000","EBBR ILS 25R"
"18","EBBR","TULN3B","FLO","25R","9","OM25R","AT 1400","AT 1400","(none)","(none)","Yes","Yes (both none)","OM / GS","EBBR ILS 25R"
"18","EBBR","TULN3B","FLO","25R","10","RW25R","AT 160","THR 160","(none)","(none)","Yes (THR close)","Yes (both none)","THR 25R ~160; AD elev 184","AIP EBBR"
"19","LOWW","GIGOW1W","PES2K","11","1","_START_","AT 20000","(none)","(none)","(none)","Extra in DB","Yes (both none)","No published restriction found at this fix",""
"19","LOWW","GIGOW1W","PES2K","11","2","GIGOR","AT OR BELOW 16000","AT OR BELOW FL160","MAX 250","MAX 250","Yes","Yes","GIGOR 1W: at or below FL160; SLP 250","Jepp GIGOR 1W / Austro Control"
"19","LOWW","GIGOW1W","PES2K","11","3","PESAT","AT OR ABOVE 6000","AT OR ABOVE 6000","(none)","(none)","Yes","Yes (both none)","PESAT A6000+","Austro Control LOWW STAR coding"
"19","LOWW","GIGOW1W","PES2K","11","4","WW841","AT OR ABOVE 6000","AT OR ABOVE 6000","(none)","(none)","Yes","Yes (both none)","Older PESAT 11 transition 6000+","vACC Austria trans 11 (older WW numbers)"
"19","LOWW","GIGOW1W","PES2K","11","5","WW843","AT OR ABOVE 6000","AT OR ABOVE 6000","(none)","(none)","Yes","Yes (both none)","Older trans 6000+","vACC Austria"
"19","LOWW","GIGOW1W","PES2K","11","6","WW844","AT OR ABOVE 5000","AT OR ABOVE 5000","(none)","(none)","Yes","Yes (both none)","Older trans 5000+","vACC Austria"
"19","LOWW","GIGOW1W","PES2K","11","7","WW845","AT OR ABOVE 5000","AT OR ABOVE 5000","(none)","(none)","Yes","Yes (both none)","Older trans 5000+","vACC Austria"
"19","LOWW","GIGOW1W","PES2K","11","8","WW846","AT OR ABOVE 5000","AT OR ABOVE 5000","(none)","(none)","Yes","Yes (both none)","Older trans 5000+","vACC Austria"
"19","LOWW","GIGOW1W","PES2K","11","9","WW813","AT OR ABOVE 5000","AT OR ABOVE 5000","(none)","(none)","Yes","Yes (both none)","Older trans 5000+","vACC Austria"
"19","LOWW","GIGOW1W","PES2K","11","10","WW812","AT OR ABOVE 5000","AT OR ABOVE 5000","(none)","(none)","Yes","Yes (both none)","Older trans 5000+","vACC Austria"
"19","LOWW","GIGOW1W","PES2K","11","11","WW811","AT OR ABOVE 5000","AT OR ABOVE 5000","(none)","(none)","Yes","Yes (both none)","Older trans 5000+","vACC Austria"
"19","LOWW","GIGOW1W","PES2K","11","12","WW919","AT OR ABOVE 3400","AT OR ABOVE 3400","(none)","(none)","Yes","Yes (both none)","IF 3400+","LOWW ILS 11"
"19","LOWW","GIGOW1W","PES2K","11","13","CI11X","AT 3400","AT 3400","(none)","(none)","Yes","Yes (both none)","ILS 11 intercept 3400","LOWW ILS 11"
"19","LOWW","GIGOW1W","PES2K","11","14","36DME","AT 1765","AT 1765","(none)","(none)","Yes","Yes (both none)","GS / FAF","LOWW ILS 11"
"19","LOWW","GIGOW1W","PES2K","11","15","RW11","AT 624","THR 600","(none)","(none)","Yes (THR close)","Yes (both none)","AD elev 600","AIP LOWW"
"20","LOWW","LANU5W","NER2V","34","1","_START_","AT 20000","(none)","(none)","(none)","Extra in DB","Yes (both none)","No published restriction found at this fix",""
"20","LOWW","LANU5W","NER2V","34","2","LANUX","AT OR BELOW 15000","AT OR BELOW FL150","(none)","(none)","Yes","Yes (both none)","LANUX F150-","Austro Control LOWW STAR coding 2026"
"20","LOWW","LANU5W","NER2V","34","3","NERDU","AT OR ABOVE 6000","AT OR ABOVE 6000","(none)","(none)","Yes","Yes (both none)","NERDU A6000+","Austro Control LOWW STAR"
"20","LOWW","LANU5W","NER2V","34","4","WW925","AT OR ABOVE 6000","AT OR ABOVE 6000","(none)","(none)","Yes","Yes (both none)","NER trans 6000+","LOWW RNAV trans 34"
"20","LOWW","LANU5W","NER2V","34","5","WW926","AT OR ABOVE 6000","AT OR ABOVE 6000","(none)","(none)","Yes","Yes (both none)","NER trans 6000+","LOWW"
"20","LOWW","LANU5W","NER2V","34","6","WW927","AT OR ABOVE 4000","AT OR ABOVE 4000","(none)","(none)","Yes","Yes (both none)","NER trans 4000+","LOWW"
"20","LOWW","LANU5W","NER2V","34","7","WW924","AT OR ABOVE 4000","AT OR ABOVE 4000","(none)","(none)","Yes","Yes (both none)","NER trans 4000+","LOWW"
"20","LOWW","LANU5W","NER2V","34","8","WW834","AT OR ABOVE 3000","AT OR ABOVE 3000","(none)","(none)","Yes","Yes (both none)","IF 3000+","LOWW ILS 34"
"20","LOWW","LANU5W","NER2V","34","9","CI34","AT 3000","AT 3000","(none)","(none)","Yes","Yes (both none)","ILS 34 intercept 3000","LOWW ILS 34"
"20","LOWW","LANU5W","NER2V","34","10","OM34","AT 2004","AT 2004","(none)","(none)","Yes","Yes (both none)","OM / GS","LOWW ILS 34"
"20","LOWW","LANU5W","NER2V","34","11","RW34","AT 647","THR 600","(none)","(none)","Yes (THR close)","Yes (both none)","AD elev 600","AIP LOWW"
"21","LTFJ","GELG1G","ASDEV","06","1","_START_","AT 20000","(none)","(none)","(none)","Extra in DB","Yes (both none)","No published restriction found at this fix",""
"21","LTFJ","GELG1G","ASDEV","06","2","GELBU","(none)","(none)","(none)","(none)","Yes (both none)","Yes (both none)","STAR entry; no published min in game AIRAC name","LTFJ GELG STAR"
"21","LTFJ","GELG1G","ASDEV","06","3","TURKO","(none)","(none)","(none)","(none)","Yes (both none)","Yes (both none)","No published crossing","LTFJ"
"21","LTFJ","GELG1G","ASDEV","06","4","FJ510","(none)","(none)","(none)","(none)","Yes (both none)","Yes (both none)","RNAV track","LTFJ"
"21","LTFJ","GELG1G","ASDEV","06","5","FJ511","(none)","(none)","(none)","(none)","Yes (both none)","Yes (both none)","RNAV track","LTFJ"
"21","LTFJ","GELG1G","ASDEV","06","6","FJ512","(none)","(none)","(none)","(none)","Yes (both none)","Yes (both none)","RNAV track","LTFJ"
"21","LTFJ","GELG1G","ASDEV","06","7","FJ513","(none)","(none)","(none)","(none)","Yes (both none)","Yes (both none)","RNAV track","LTFJ"
"21","LTFJ","GELG1G","ASDEV","06","8","BUKED","(none)","(none)","(none)","(none)","Yes (both none)","Yes (both none)","No published crossing","LTFJ"
"21","LTFJ","GELG1G","ASDEV","06","9","FJ515","(none)","(none)","(none)","(none)","Yes (both none)","Yes (both none)","RNAV track","LTFJ"
"21","LTFJ","GELG1G","ASDEV","06","10","FJ516","(none)","(none)","(none)","(none)","Yes (both none)","Yes (both none)","RNAV track","LTFJ"
"21","LTFJ","GELG1G","ASDEV","06","11","FJ517","(none)","(none)","(none)","(none)","Yes (both none)","Yes (both none)","RNAV track","LTFJ"
"21","LTFJ","GELG1G","ASDEV","06","12","FJ518","(none)","(none)","(none)","(none)","Yes (both none)","Yes (both none)","RNAV track","LTFJ"
"21","LTFJ","GELG1G","ASDEV","06","13","FJ519","(none)","(none)","(none)","(none)","Yes (both none)","Yes (both none)","RNAV track","LTFJ"
"21","LTFJ","GELG1G","ASDEV","06","14","DISC","(none)","(none)","(none)","(none)","Yes (both none)","Yes (both none)","Discontinuity / radar","LTFJ"
"21","LTFJ","GELG1G","ASDEV","06","15","ASDEV","(none)","(none)","(none)","(none)","Yes (both none)","Yes (both none)","ASDEV trans","LTFJ"
"21","LTFJ","GELG1G","ASDEV","06","16","CI06","(none)","AT 3000","(none)","(none)","Missing in DB","Yes (both none)","Current ILS 06R: intercept LLZ at IF, not below 3000","DHMI LTFJ IAC 15"
"21","LTFJ","GELG1G","ASDEV","06","17","FI06","(none)","AT 3000","(none)","(none)","Missing in DB","Yes (both none)","GP intercept at FAP ~10.5 DME on 3000 platform","DHMI LTFJ IAC 15"
"21","LTFJ","GELG1G","ASDEV","06","18","RW06","(none)","THR 270","(none)","(none)","Missing in DB","Yes (both none)","THR 06R 270; AD elev 312","DHMI / AIP LTFJ"
"22","LTFJ","TETS1H","BEMKA","24","1","_START_","AT 20000","(none)","(none)","(none)","Extra in DB","Yes (both none)","No published restriction found at this fix",""
"22","LTFJ","TETS1H","BEMKA","24","2","TETSA","(none)","(none)","(none)","(none)","Yes (both none)","Yes (both none)","STAR entry","LTFJ TETS STAR"
"22","LTFJ","TETS1H","BEMKA","24","3","PABDO","AT 14000","AT 14000","MAX 250","MAX 250","Yes","Yes","TETS arrival step FL140 / 250","LTFJ TETS1H"
"22","LTFJ","TETS1H","BEMKA","24","4","PAZAR","(none)","(none)","(none)","(none)","Yes (both none)","Yes (both none)","No published crossing","LTFJ"
"22","LTFJ","TETS1H","BEMKA","24","5","MEBOV","AT 9000","AT 9000","MAX 220","MAX 220","Yes","Yes","TETS arrival 9000 / 220","LTFJ TETS1H"
"22","LTFJ","TETS1H","BEMKA","24","6","FJ931","(none)","(none)","(none)","(none)","Yes (both none)","Yes (both none)","RNAV track","LTFJ"
"22","LTFJ","TETS1H","BEMKA","24","7","FJ932","AT 5000","AT 5000","(none)","(none)","Yes","Yes (both none)","Downwind 5000","LTFJ"
"22","LTFJ","TETS1H","BEMKA","24","8","FJ933","(none)","(none)","(none)","(none)","Yes (both none)","Yes (both none)","RNAV track","LTFJ"
"22","LTFJ","TETS1H","BEMKA","24","9","FJ934","(none)","(none)","(none)","(none)","Yes (both none)","Yes (both none)","RNAV track","LTFJ"
"22","LTFJ","TETS1H","BEMKA","24","10","FJ935","(none)","(none)","(none)","(none)","Yes (both none)","Yes (both none)","RNAV track","LTFJ"
"22","LTFJ","TETS1H","BEMKA","24","11","DISC","(none)","(none)","(none)","(none)","Yes (both none)","Yes (both none)","Discontinuity / radar","LTFJ"
"22","LTFJ","TETS1H","BEMKA","24","12","BEMKA","AT OR ABOVE 3500","AT OR ABOVE 3500","(none)","(none)","Yes","Yes (both none)","BEMKA 3500+","LTFJ ILS 24"
"22","LTFJ","TETS1H","BEMKA","24","13","CI24","AT 3500","AT 3500","(none)","(none)","Yes","Yes (both none)","ILS 24 intercept 3500","LTFJ ILS 24 / IAC MSA 3500"
"22","LTFJ","TETS1H","BEMKA","24","14","FI24","AT 1800","AT 1800","(none)","(none)","Yes","Yes (both none)","3 deg FAF ~1800 (THR ~290). Some IAC versions show higher FAF","LTFJ ILS 24 profile"
"22","LTFJ","TETS1H","BEMKA","24","15","RW24","AT 354","THR 289","(none)","(none)","No (THR vs DB)","Yes (both none)","AD elev 312","AIP LTFJ"
"23","VTBS","CABI1B","LASER","01L","1","_START_","AT 20000","(none)","(none)","(none)","Extra in DB","Yes (both none)","No published restriction found at this fix",""
"23","VTBS","CABI1B","LASER","01L","2","CABIN","AT OR ABOVE 9000","AT OR ABOVE 9000","MAX 240","MAX 240","Yes","Yes","CABIN 1B: 9000+ MAX 240","Jepp CABIN 1B STAR"
"23","VTBS","CABI1B","LASER","01L","3","BS652","AT OR ABOVE 7000","AT OR ABOVE 7000","MAX 210","MAX 210","Yes","Yes","Next fix 7000+ MAX 210","Jepp CABIN 1B"
"23","VTBS","CABI1B","LASER","01L","4","BS651","AT OR ABOVE 6000","AT OR ABOVE 6000","(none)","(none)","Yes","Yes (both none)","6000+","Jepp CABIN 1B"
"23","VTBS","CABI1B","LASER","01L","5","BYLON","AT OR ABOVE 4000","AT OR ABOVE 4000","(none)","(none)","Yes","Yes (both none)","4000+","Jepp CABIN 1B"
"23","VTBS","CABI1B","LASER","01L","6","SHEEN","AT OR ABOVE 2000","AT OR ABOVE 2000","(none)","(none)","Yes","Yes (both none)","2000+","Jepp CABIN 1B"
"23","VTBS","CABI1B","LASER","01L","7","LASER","AT OR ABOVE 2000","AT OR ABOVE 2000","(none)","MIN 170","Yes","Missing in DB","2000+; MIN 170 on some legs","Jepp CABIN 1B"
"23","VTBS","CABI1B","LASER","01L","8","LEVIN","AT 2000","AT 2000","(none)","(none)","Yes","Yes (both none)","IF / 2000","VTBS ILS 01"
"23","VTBS","CABI1B","LASER","01L","9","FI09L","AT 1290","AT 1290 (FI01L)","(none)","(none)","Yes","Yes (both none)","GS FAF ~1290. Chart name is FI01L not FI09L","VTBS ILS 01L"
"23","VTBS","CABI1B","LASER","01L","10","RW01L","AT 5","THR 5","(none)","(none)","Yes (THR close)","Yes (both none)","AD elev 5","AIP VTBS"
"24","VTBS","SILV1B","LYNDA","19L","1","_START_","AT 20000","(none)","(none)","(none)","Extra in DB","Yes (both none)","No published restriction found at this fix",""
"24","VTBS","SILV1B","LYNDA","19L","2","SILVA","AT OR ABOVE 9000","AT OR ABOVE 9000","(none)","MAX 240","Yes","Missing in DB","SILVA 1B: 9000+ MAX 240","Jepp SILVA 1B STAR"
"24","VTBS","SILV1B","LYNDA","19L","3","BAKKE","AT 7000","AT OR ABOVE 7000","MAX 240","MAX 210","Yes","No","BAKKE 7000+ MAX 210 (240 belongs to SILVA)","Jepp SILVA 1B"
"24","VTBS","SILV1B","LYNDA","19L","4","PETER","AT OR ABOVE 4000","AT OR ABOVE 4000","MAX 210","MAX 210","Yes","Yes","PETER 4000+ / 210","Jepp SILVA 1B"
"24","VTBS","SILV1B","LYNDA","19L","5","ROBIN","AT OR ABOVE 2000","AT OR ABOVE 2000","(none)","(none)","Yes","Yes (both none)","2000+","Jepp SILVA 1B"
"24","VTBS","SILV1B","LYNDA","19L","6","LYNDA","AT OR ABOVE 2000","AT OR ABOVE 2000","(none)","(none)","Yes","Yes (both none)","2000+","Jepp SILVA 1B"
"24","VTBS","SILV1B","LYNDA","19L","7","LEMON","AT 2000","AT 2000","(none)","(none)","Yes","Yes (both none)","IF 2000","VTBS ILS 19L"
"24","VTBS","SILV1B","LYNDA","19L","8","FI19L","AT 1300","AT 1300","(none)","(none)","Yes","Yes (both none)","GS FAF ~1300","VTBS ILS 19L"
"24","VTBS","SILV1B","LYNDA","19L","9","RW19L","AT 55","THR 5","(none)","(none)","Yes (THR close)","Yes (both none)","AD elev 5","AIP VTBS"
"25","WADD","GAGA1B","BENOA","27","1","_START_","AT 20000","(none)","(none)","(none)","Extra in DB","Yes (both none)","No published restriction found at this fix",""
"25","WADD","GAGA1B","BENOA","27","2","GAGAK","(none)","(none)","(none)","(none)","Yes (both none)","Yes (both none)","STAR entry","WADD GAGA STAR"
"25","WADD","GAGA1B","BENOA","27","3","KEDAT","AT 7000","AT 7000","(none)","(none)","Yes","Yes (both none)","KEDAT 7000","WADD GAGA1B"
"25","WADD","GAGA1B","BENOA","27","4","BENOA","AT OR ABOVE 3000","AT OR ABOVE 3000","(none)","(none)","Yes","Yes (both none)","BENOA 3000+","WADD BENOA trans"
"25","WADD","GAGA1B","BENOA","27","5","97DME","AT 2000","AT 2000","(none)","(none)","Yes","Yes (both none)","ILS intercept 2000","WADD ILS 27"
"25","WADD","GAGA1B","BENOA","27","6","62DME","AT 2000","AT 2000","(none)","(none)","Yes","Yes (both none)","GS / FAF 2000","WADD ILS 27"
"25","WADD","GAGA1B","BENOA","27","7","RW27","AT 62","THR 14","(none)","(none)","Yes (THR close)","Yes (both none)","AD elev 14","AIP WADD"
"26","WIII","CARLI2","NOKTA","07R","1","_START_","AT 20000","(none)","(none)","(none)","Extra in DB","Yes (both none)","No published restriction found at this fix",""
"26","WIII","CARLI2","NOKTA","07R","2","CARLI","(none)","(none)","(none)","(none)","Yes (both none)","Yes (both none)","STAR entry","WIII CARLI STAR"
"26","WIII","CARLI2","NOKTA","07R","3","DKI44","(none)","(none)","(none)","(none)","Yes (both none)","Yes (both none)","DKI 44 DME","WIII"
"26","WIII","CARLI2","NOKTA","07R","4","NOKTA","(none)","(none)","(none)","(none)","Yes (both none)","Yes (both none)","NOKTA trans; altitude ATC","WIII"
"26","WIII","CARLI2","NOKTA","07R","5","DKI28","AT OR ABOVE 6000","AT OR ABOVE 6000","(none)","(none)","Yes","Yes (both none)","DKI 28 DME 6000+","WIII CARLI/NOKTA"
"26","WIII","CARLI2","NOKTA","07R","6","DKI-42","(none)","(none)","(none)","(none)","Yes (both none)","Yes (both none)","DKI radial","WIII"
"26","WIII","CARLI2","NOKTA","07R","7","INTC","(none)","(none)","(none)","(none)","Yes (both none)","Yes (both none)","Radar intercept","WIII"
"26","WIII","CARLI2","NOKTA","07R","8","CF07R","AT 3000","AT 3000","(none)","(none)","Yes","Yes (both none)","ILS 07R intercept 3000","WIII ILS 07R"
"26","WIII","CARLI2","NOKTA","07R","9","OM07R","AT 1693","AT 1693","(none)","(none)","Yes","Yes (both none)","OM / GS","WIII ILS 07R"
"26","WIII","CARLI2","NOKTA","07R","10","RW07R","AT 84","THR 34","(none)","(none)","Yes (THR close)","Yes (both none)","AD elev 34","AIP WIII"
"27","VVTS","T10","Runway: 25L","25L","1","_START_","AT 20000","(none)","(none)","(none)","Extra in DB","Yes (both none)","No published restriction found at this fix",""
"27","VVTS","T10","Runway: 25L","25L","2","POPET","(none)","(none)","(none)","(none)","Yes (both none)","Yes (both none)","STAR entry","VVTS T10"
"27","VVTS","T10","Runway: 25L","25L","3","SAPEN","(none)","(none)","(none)","(none)","Yes (both none)","Yes (both none)","No published crossing","VVTS"
"27","VVTS","T10","Runway: 25L","25L","4","TSN","(none)","(none)","(none)","(none)","Yes (both none)","Yes (both none)","TSN VOR","VVTS"
"27","VVTS","T10","Runway: 25L","25L","5","DISC","(none)","(none)","(none)","(none)","Yes (both none)","Yes (both none)","Discontinuity / radar","VVTS"
"27","VVTS","T10","Runway: 25L","25L","6","CI25L","AT 1750","AT 1750","(none)","(none)","Yes","Yes (both none)","ILS 25L intercept 1750","VVTS ILS 25L"
"27","VVTS","T10","Runway: 25L","25L","7","SGNB","AT 1750","AT 1750","(none)","(none)","Yes","Yes (both none)","Same intercept platform","VVTS ILS 25L"
"27","VVTS","T10","Runway: 25L","25L","8","RW25L","AT 82","THR 33","(none)","(none)","Yes (THR close)","Yes (both none)","AD elev 33","AIP VVTS"
"28","FACT","WY4C","Runway: 01","01","1","_START_","AT 20000","(none)","(none)","(none)","Extra in DB","Yes (both none)","No published restriction found at this fix",""
"28","FACT","WY4C","Runway: 01","01","2","WYNB","(none)","(none)","(none)","(none)","Yes (both none)","Yes (both none)","WY NDB STAR entry","FACT WY STAR"
"28","FACT","WY4C","Runway: 01","01","3","CTV30","(none)","(none)","MAX 250","MAX 250","Yes (both none)","Yes","30 DME / 250 kt","FACT WY4C"
"28","FACT","WY4C","Runway: 01","01","4","D065H","(none)","(none)","MAX 210","MAX 210","Yes (both none)","Yes","Arc speed 210","FACT WY4C"
"28","FACT","WY4C","Runway: 01","01","5","VECTOR","(none)","(none)","(none)","(none)","Yes (both none)","Yes (both none)","Radar intercept","FACT"
"28","FACT","WY4C","Runway: 01","01","6","CI01","AT 2000","AT 2000","(none)","(none)","Yes","Yes (both none)","ILS 01 intercept 2000","FACT ILS 01"
"28","FACT","WY4C","Runway: 01","01","7","FI01","AT 1320","AT 1320","(none)","(none)","Yes","Yes (both none)","GS / FAF","FACT ILS 01"
"28","FACT","WY4C","Runway: 01","01","8","RW01","AT 194","THR 151","(none)","(none)","Yes (THR close)","Yes (both none)","AD elev 151","AIP FACT"
"29","HKJK","AVIT1P","TV","6","1","_START_","AT 20000","(none)","(none)","(none)","Extra in DB","Yes (both none)","No published restriction found at this fix",""
"29","HKJK","AVIT1P","TV","6","2","AVITU","(none)","(none)","(none)","(none)","Yes (both none)","Yes (both none)","AVITU STAR entry; then radar or TV hold","HKJK AVITU STAR"
"29","HKJK","AVIT1P","TV","6","3","TV","AT OR ABOVE 10000","AT OR ABOVE FL100","(none)","(none)","Yes","Yes (both none)","Leave TH/TV at FL100","Jepp HKJK AVITU 2P"
"29","HKJK","AVIT1P","TV","6","4","TV-11","(none)","(none)","(none)","(none)","Yes (both none)","Yes (both none)","TV 11 DME outbound","HKJK ILS 06 via TV"
"29","HKJK","AVIT1P","TV","6","5","CI06","AT 3200","AT 7500","(none)","(none)","No","Yes (both none)","Descend in hold, leave FL100, descend to 7500 then ILS 06. Field is 5330 - 3200 AMSL is below the airport","Jepp HKJK ILS 06 via TV"
"29","HKJK","AVIT1P","TV","6","6","NONB","AT 1000","AT 6500","(none)","(none)","No","Yes (both none)","3 deg FAF ~4 NM: ~6650 AMSL. Game 1000 is below field","HKJK ILS 06 GS"
"29","HKJK","AVIT1P","TV","6","7","RW06","AT 100","THR 5330","(none)","(none)","No (THR vs DB)","Yes (both none)","AD elev 5327-5330","AIP HKJK"
"30","GMMX","BGA7A","Runway: 10","10","1","_START_","AT 20000","(none)","(none)","(none)","Extra in DB","Yes (both none)","No published restriction found at this fix",""
"30","GMMX","BGA7A","Runway: 10","10","2","OBOGA","(none)","(none)","(none)","(none)","Yes (both none)","Yes (both none)","STAR / BGA family entry","GMMX BGA STAR"
"30","GMMX","BGA7A","Runway: 10","10","3","D032M","(none)","(none)","(none)","(none)","Yes (both none)","Yes (both none)","DME arc","GMMX"
"30","GMMX","BGA7A","Runway: 10","10","4","D013M","(none)","(none)","(none)","(none)","Yes (both none)","Yes (both none)","DME arc","GMMX"
"30","GMMX","BGA7A","Runway: 10","10","5","D354M","(none)","(none)","MAX 230","MAX 230","Yes (both none)","Yes","Arc speed 230","GMMX ILS 10"
"30","GMMX","BGA7A","Runway: 10","10","6","D332M","(none)","(none)","(none)","(none)","Yes (both none)","Yes (both none)","DME arc","GMMX"
"30","GMMX","BGA7A","Runway: 10","10","7","D310M","(none)","(none)","(none)","(none)","Yes (both none)","Yes (both none)","DME arc","GMMX"
"30","GMMX","BGA7A","Runway: 10","10","8","D288M","(none)","(none)","(none)","(none)","Yes (both none)","Yes (both none)","DME arc","GMMX"
"30","GMMX","BGA7A","Runway: 10","10","9","CI10","AT 3200","AT 3200","(none)","(none)","Yes","Yes (both none)","ILS 10 intercept 3200","GMMX ILS 10"
"30","GMMX","BGA7A","Runway: 10","10","10","MAK","AT 2390","AT 2390","(none)","(none)","Yes","Yes (both none)","GS / FAF via MAK","GMMX ILS 10"
"30","GMMX","BGA7A","Runway: 10","10","11","RW10","AT 1556","THR 1545","(none)","(none)","Yes (THR close)","Yes (both none)","AD elev 1545","AIP GMMX"
"31","DTTA","NOLSI","MARSA","29","1","_START_","AT 20000","(none)","(none)","(none)","Extra in DB","Yes (both none)","No published restriction found at this fix",""
"31","DTTA","NOLSI","MARSA","29","2","NOLSI ","(none)","(none)","(none)","(none)","Yes (both none)","Yes (both none)","No published restriction found at this fix",""
"31","DTTA","NOLSI","MARSA","29","3","MARSA","AT OR ABOVE 3000","AT OR ABOVE 3000","(none)","(none)","Yes","Yes (both none)","MARSA 3000+","DTTA MARSA trans"
"31","DTTA","NOLSI","MARSA","29","4","D062M","(none)","(none)","(none)","(none)","Yes (both none)","Yes (both none)","DME arc","DTTA"
"31","DTTA","NOLSI","MARSA","29","5","D082M","(none)","(none)","(none)","(none)","Yes (both none)","Yes (both none)","DME arc","DTTA"
"31","DTTA","NOLSI","MARSA","29","6","D103M","AT OR ABOVE 2200","AT OR ABOVE 2200","(none)","(none)","Yes","Yes (both none)","Arc 2200+","DTTA ILS 29"
"31","DTTA","NOLSI","MARSA","29","7","CI29","AT 2200","AT 2200","(none)","(none)","Yes","Yes (both none)","ILS 29 intercept 2200","DTTA ILS 29"
"31","DTTA","NOLSI","MARSA","29","8","FI29 ","AT 2200","(none)","(none)","(none)","Extra in DB","Yes (both none)","No published restriction found at this fix",""
"31","DTTA","NOLSI","MARSA","29","9","RW29","AT 61","THR 22","(none)","(none)","Yes (THR close)","Yes (both none)","AD elev 22","AIP DTTA"
"32","RJTT","NYLON2","NYLON","22","1","_START_","AT 20000","(none)","(none)","(none)","Extra in DB","Yes (both none)","No published restriction found at this fix",""
"32","RJTT","NYLON2","NYLON","22","2","ADDUM ","AT 10000","(none)","(none)","(none)","Extra in DB","Yes (both none)","No published restriction found at this fix",""
"32","RJTT","NYLON2","NYLON","22","3","BLITZ","(none)","(none)","(none)","(none)","Yes (both none)","Yes (both none)","RNAV track","RJTT"
"32","RJTT","NYLON2","NYLON","22","4","BRASS","(none)","(none)","(none)","(none)","Yes (both none)","Yes (both none)","RNAV track","RJTT"
"32","RJTT","NYLON2","NYLON","22","5","NYLON","(none)","(none)","(none)","(none)","Yes (both none)","Yes (both none)","NYLON; mins at NEXUS/NITRO","RJTT NYLON2"
"32","RJTT","NYLON2","NYLON","22","6","NIFTY","(none)","(none)","(none)","(none)","Yes (both none)","Yes (both none)","RNAV track","RJTT"
"32","RJTT","NYLON2","NYLON","22","7","NEXUS","AT 5000","AT 5000","(none)","(none)","Yes","Yes (both none)","NEXUS 5000","RJTT NYLON / ILS 22"
"32","RJTT","NYLON2","NYLON","22","8","NITRO","AT 5000","AT 5000","(none)","(none)","Yes","Yes (both none)","NITRO 5000","RJTT ILS 22"
"32","RJTT","NYLON2","NYLON","22","9","RW22 ","AT 85","(none)","(none)","(none)","Extra in DB","Yes (both none)","No published restriction found at this fix",""
"33","RJTT","CREAM","Runway: 34L","34L","1","_START_","AT 20000","(none)","(none)","(none)","Extra in DB","Yes (both none)","No published restriction found at this fix",""
"33","RJTT","CREAM","Runway: 34L","34L","2","STONE ","AT 11000","(none)","MAX 250","(none)","Extra in DB","Extra in DB","No published restriction found at this fix",""
"33","RJTT","CREAM","Runway: 34L","34L","3","TLE","(none)","(none)","(none)","(none)","Yes (both none)","Yes (both none)","TLE VOR","RJTT"
"33","RJTT","CREAM","Runway: 34L","34L","4","CURRY","(none)","(none)","(none)","(none)","Yes (both none)","Yes (both none)","RNAV track","RJTT"
"33","RJTT","CREAM","Runway: 34L","34L","5","COUPE","AT OR ABOVE 8000","AT OR ABOVE 8000","(none)","(none)","Yes","Yes (both none)","COUPE 8000+","RJTT CREAM"
"33","RJTT","CREAM","Runway: 34L","34L","6","CUTIE","(none)","(none)","(none)","(none)","Yes (both none)","Yes (both none)","RNAV track","RJTT"
"33","RJTT","CREAM","Runway: 34L","34L","7","CREAM","AT OR ABOVE 5000","AT OR ABOVE 5000","(none)","(none)","Yes","Yes (both none)","CREAM 5000+","RJTT CREAM"
"33","RJTT","CREAM","Runway: 34L","34L","8","ARLON","AT 5000","AT 5000","(none)","(none)","Yes","Yes (both none)","IF 5000","RJTT ILS 34L"
"33","RJTT","CREAM","Runway: 34L","34L","9","APOLO","AT 5000","AT 5000","(none)","(none)","Yes","Yes (both none)","FAF 5000","RJTT ILS 34L"
"33","RJTT","CREAM","Runway: 34L","34L","10","RW34L","AT 68","THR 21","(none)","(none)","Yes (THR close)","Yes (both none)","AD elev 21","AIP RJTT"
"34","VIDP","AKBA2B","CHI","11","1","_START_","AT 20000","(none)","(none)","(none)","Extra in DB","Yes (both none)","No published restriction found at this fix",""
"34","VIDP","AKBA2B","CHI","11","2","AKBAN","AT OR ABOVE 12000","AT OR ABOVE 12000","(none)","(none)","Yes","Yes (both none)","AKBAN 12000+","VIDP AKBA STAR"
"34","VIDP","AKBA2B","CHI","11","3","CHI","(none)","(none)","(none)","(none)","Yes (both none)","Yes (both none)","CHI VOR trans","VIDP"
"34","VIDP","AKBA2B","CHI","11","4","D240T","AT OR ABOVE 6500","AT OR ABOVE 6500","(none)","(none)","Yes","Yes (both none)","R240 / 20 DME 6500+","VIDP ILS 11"
"34","VIDP","AKBA2B","CHI","11","5","D240O","AT OR ABOVE 2600","AT OR ABOVE 2600","(none)","(none)","Yes","Yes (both none)","R240 / 15 DME 2600+","VIDP ILS 11"
"34","VIDP","AKBA2B","CHI","11","6","D253M","(none)","(none)","(none)","(none)","Yes (both none)","Yes (both none)","Arc","VIDP"
"34","VIDP","AKBA2B","CHI","11","7","D267M","AT OR ABOVE 2600","AT OR ABOVE 2600","(none)","(none)","Yes","Yes (both none)","Arc 2600+","VIDP ILS 11"
"34","VIDP","AKBA2B","CHI","11","8","CI11","AT 2600","AT 2600","(none)","(none)","Yes","Yes (both none)","ILS 11 intercept 2600","VIDP ILS 11"
"34","VIDP","AKBA2B","CHI","11","9","FI11 ","AT 2000","(none)","(none)","(none)","Extra in DB","Yes (both none)","No published restriction found at this fix",""
"34","VIDP","AKBA2B","CHI","11","10","RW11","AT 773","THR 777","(none)","(none)","Yes (THR close)","Yes (both none)","AD elev 777","AIP VIDP"
"35","VIDP","BASO1A","Runway: 28","28","1","_START_","AT 20000","(none)","(none)","(none)","Extra in DB","Yes (both none)","No published restriction found at this fix",""
"35","VIDP","BASO1A","Runway: 28","28","2","BASOT","(none)","(none)","(none)","(none)","Yes (both none)","Yes (both none)","STAR entry","VIDP BASO STAR"
"35","VIDP","BASO1A","Runway: 28","28","3","CHI27","(none)","(none)","(none)","(none)","Yes (both none)","Yes (both none)","CHI 27 DME","VIDP"
"35","VIDP","BASO1A","Runway: 28","28","4","DI26Z","AT OR ABOVE 8000","AT OR ABOVE 8000","(none)","(none)","Yes","Yes (both none)","8000+","VIDP BASO1A"
"35","VIDP","BASO1A","Runway: 28","28","5","RUGDA","(none)","(none)","(none)","(none)","Yes (both none)","Yes (both none)","No published crossing","VIDP"
"35","VIDP","BASO1A","Runway: 28","28","6","D274V","AT OR ABOVE 6500","AT OR ABOVE 6500","(none)","(none)","Yes","Yes (both none)","6500+","VIDP ILS 28"
"35","VIDP","BASO1A","Runway: 28","28","7","PEDKA","(none)","(none)","(none)","(none)","Yes (both none)","Yes (both none)","No published crossing","VIDP"
"35","VIDP","BASO1A","Runway: 28","28","8","DI170","(none)","(none)","(none)","(none)","Yes (both none)","Yes (both none)","Radial/DME","VIDP"
"35","VIDP","BASO1A","Runway: 28","28","9","VENGI","(none)","(none)","(none)","(none)","Yes (both none)","Yes (both none)","No published crossing","VIDP"
"35","VIDP","BASO1A","Runway: 28","28","10","CI28","AT 2600","AT 2600","(none)","(none)","Yes","Yes (both none)","ILS 28 intercept 2600","VIDP ILS 28"
"35","VIDP","BASO1A","Runway: 28","28","11","OM28","AT 2140","AT 2140","(none)","(none)","Yes","Yes (both none)","OM / GS","VIDP ILS 28"
"35","VIDP","BASO1A","Runway: 28","28","12","RW288","AT 827","THR 777 (RWY 28)","(none)","(none)","Yes (THR close)","Yes (both none)","Waypoint name typo; runway is 28. AD elev 777","AIP VIDP"
"36","RPLL","CAB1","MIA","06","1","_START_","AT 20000","(none)","(none)","(none)","Extra in DB","Yes (both none)","No published restriction found at this fix",""
"36","RPLL","CAB1","MIA","06","2","CAB","(none)","(none)","(none)","(none)","Yes (both none)","Yes (both none)","CAB VOR STAR entry","RPLL CAB STAR"
"36","RPLL","CAB1","MIA","06","3","TARTA","(none)","(none)","(none)","(none)","Yes (both none)","Yes (both none)","No published crossing","RPLL"
"36","RPLL","CAB1","MIA","06","4","GARAY","AT OR ABOVE 7000","AT OR ABOVE 7000","(none)","(none)","Yes","Yes (both none)","GARAY 7000+","RPLL CAB1"
"36","RPLL","CAB1","MIA","06","5","MIA","AT OR ABOVE 4000","AT OR ABOVE 4000","(none)","(none)","Yes","Yes (both none)","MIA 4000+","RPLL MIA trans"
"36","RPLL","CAB1","MIA","06","6","MIA-10","(none)","(none)","(none)","(none)","Yes (both none)","Yes (both none)","MIA 10 DME","RPLL"
"36","RPLL","CAB1","MIA","06","7","CI06","AT 2500","AT 2500","(none)","(none)","Yes","Yes (both none)","ILS 06 intercept 2500","RPLL ILS 06"
"36","RPLL","CAB1","MIA","06","8","FI06","AT 2500","AT 2500","(none)","(none)","Yes","Yes (both none)","GS platform 2500","RPLL ILS 06"
"36","RPLL","CAB1","MIA","06","9","RW06","AT 66","THR 75","(none)","(none)","Yes (THR close)","Yes (both none)","AD elev 75","AIP RPLL"
"37","RPLL","IPA1","MIA","24","1","_START_","AT 20000","(none)","(none)","(none)","Extra in DB","Yes (both none)","No published restriction found at this fix",""
"37","RPLL","IPA1","MIA","24","2","IPATA","(none)","(none)","(none)","(none)","Yes (both none)","Yes (both none)","STAR entry","RPLL IPA STAR"
"37","RPLL","IPA1","MIA","24","3","KABAN","AT OR ABOVE 10000","AT OR ABOVE 10000","(none)","(none)","Yes","Yes (both none)","KABAN 10000+","RPLL IPA1"
"37","RPLL","IPA1","MIA","24","4","CAMBA","AT OR ABOVE 6000","AT OR ABOVE 6000","(none)","(none)","Yes","Yes (both none)","CAMBA 6000+","RPLL IPA1"
"37","RPLL","IPA1","MIA","24","5","MIA","AT OR ABOVE 4000","AT OR ABOVE 4000","(none)","(none)","Yes","Yes (both none)","MIA 4000+","RPLL MIA trans"
"37","RPLL","IPA1","MIA","24","6","MIA-9","(none)","(none)","(none)","(none)","Yes (both none)","Yes (both none)","MIA 9 DME","RPLL"
"37","RPLL","IPA1","MIA","24","7","CF24","AT 2500","AT 2500","(none)","(none)","Yes","Yes (both none)","ILS 24 intercept 2500","RPLL ILS 24"
"37","RPLL","IPA1","MIA","24","8","FF24","AT 1424","AT 1424","(none)","(none)","Yes","Yes (both none)","GS / FAF","RPLL ILS 24"
"37","RPLL","IPA1","MIA","24","9","RW24","AT 125","THR 75","(none)","(none)","Yes (THR close)","Yes (both none)","AD elev 75","AIP RPLL"
"38","UUWW","DR19A","KS","19","1","_START_","AT 20000","(none)","(none)","(none)","Extra in DB","Yes (both none)","No published restriction found at this fix",""
"38","UUWW","DR19A","KS","19","2","DRNB","(none)","(none)","(none)","(none)","Yes (both none)","Yes (both none)","DR NDB STAR entry","UUWW DR STAR"
"38","UUWW","DR19A","KS","19","3","GOTMA","(none)","(none)","(none)","(none)","Yes (both none)","Yes (both none)","No published crossing","UUWW"
"38","UUWW","DR19A","KS","19","4","054KS","AT OR ABOVE 4900","AT OR ABOVE 4900","(none)","(none)","Yes","Yes (both none)","KS 054 / 4900+","UUWW DR19A"
"38","UUWW","DR19A","KS","19","5","KSNB","AT 3590","AT 3590","(none)","(none)","Yes","Yes (both none)","KS NDB 3590","UUWW"
"38","UUWW","DR19A","KS","19","6","180SX","(none)","(none)","(none)","(none)","Yes (both none)","Yes (both none)","Radial","UUWW"
"38","UUWW","DR19A","KS","19","7","D1690","AT 1950","AT 1950","(none)","(none)","Yes","Yes (both none)","FAF / GS 1950","UUWW ILS 19"
"38","UUWW","DR19A","KS","19","8","89ITA","AT 1950","AT 1950","(none)","(none)","Yes","Yes (both none)","Same GS platform","UUWW ILS 19"
"38","UUWW","DR19A","KS","19","9","RW19","AT 1946","THR 686","(none)","(none)","No (THR vs DB)","Yes (both none)","AD elev 686. 1946 in DB is the FAF altitude, not threshold","AIP UUWW"
"39","UUWW","GIS24R","OSTIS","24","1","_START_","AT 20000","(none)","(none)","(none)","Extra in DB","Yes (both none)","No published restriction found at this fix",""
"39","UUWW","GIS24R","OSTIS","24","2","GISIN","(none)","(none)","(none)","(none)","Yes (both none)","Yes (both none)","STAR entry","UUWW GIS STAR"
"39","UUWW","GIS24R","OSTIS","24","3","OKLIT","(none)","(none)","(none)","(none)","Yes (both none)","Yes (both none)","No published crossing","UUWW"
"39","UUWW","GIS24R","OSTIS","24","4","TURUG","(none)","(none)","(none)","(none)","Yes (both none)","Yes (both none)","No published crossing","UUWW"
"39","UUWW","GIS24R","OSTIS","24","5","WW521","AT OR ABOVE 5900","AT OR ABOVE 5900","MAX 230","MAX 230","Yes","Yes","5900+ / 230","UUWW GIS24R"
"39","UUWW","GIS24R","OSTIS","24","6","WW522","(none)","(none)","(none)","(none)","Yes (both none)","Yes (both none)","RNAV track","UUWW"
"39","UUWW","GIS24R","OSTIS","24","7","WW523","(none)","(none)","(none)","(none)","Yes (both none)","Yes (both none)","RNAV track","UUWW"
"39","UUWW","GIS24R","OSTIS","24","8","WW524","(none)","(none)","(none)","(none)","Yes (both none)","Yes (both none)","RNAV track","UUWW"
"39","UUWW","GIS24R","OSTIS","24","9","WW525","(none)","(none)","(none)","(none)","Yes (both none)","Yes (both none)","RNAV track","UUWW"
"39","UUWW","GIS24R","OSTIS","24","10","WW505","(none)","(none)","(none)","(none)","Yes (both none)","Yes (both none)","RNAV track","UUWW"
"39","UUWW","GIS24R","OSTIS","24","11","WW504","(none)","(none)","(none)","(none)","Yes (both none)","Yes (both none)","RNAV track","UUWW"
"39","UUWW","GIS24R","OSTIS","24","12","DRNB","AT 5900","AT 5900","(none)","(none)","Yes","Yes (both none)","DR 5900","UUWW GIS24R"
"39","UUWW","GIS24R","OSTIS","24","13","WW502","(none)","(none)","(none)","(none)","Yes (both none)","Yes (both none)","RNAV track","UUWW"
"39","UUWW","GIS24R","OSTIS","24","14","WW501","(none)","(none)","(none)","(none)","Yes (both none)","Yes (both none)","RNAV track","UUWW"
"39","UUWW","GIS24R","OSTIS","24","15","OSTIS","AT 3640","AT 3640","(none)","(none)","Yes","Yes (both none)","OSTIS 3640","UUWW OSTIS trans"
"39","UUWW","GIS24R","OSTIS","24","16","290OB","AT 2650","AT 2650","(none)","(none)","Yes","Yes (both none)","OB 290 / 2650","UUWW ILS 24"
"39","UUWW","GIS24R","OSTIS","24","17","258OB","AT 2320","AT 2320","(none)","(none)","Yes","Yes (both none)","OB 258 / 2320","UUWW ILS 24"
"39","UUWW","GIS24R","OSTIS","24","18","CF24","AT 2000","AT 2000","(none)","(none)","Yes","Yes (both none)","ILS 24 intercept 2000","UUWW ILS 24"
"39","UUWW","GIS24R","OSTIS","24","19","FF24","AT 1991","AT 1991","(none)","(none)","Yes","Yes (both none)","GS / FAF","UUWW ILS 24"
"39","UUWW","GIS24R","OSTIS","24","20","RW24","AT 729","THR 686","(none)","(none)","Yes (THR close)","Yes (both none)","AD elev 686","AIP UUWW"
